<?xml version="1.0" encoding="UTF-8" ?>
<containers.Stock>
  <code>GOOG001</code>
  <Identifier>S</Identifier>
  <quarterlyDividend>0.0</quarterlyDividend>
  <baseRateOfReturn>5.6</baseRateOfReturn>
  <betaMeasure>1.15</betaMeasure>
  <stockSymbol>GOOG</stockSymbol>
  <shareprice>814.708</shareprice>
</containers.Stock><containers.Stock>
  <code>DIAGEO12</code>
  <Identifier>S</Identifier>
  <quarterlyDividend>12.0</quarterlyDividend>
  <baseRateOfReturn>3.2</baseRateOfReturn>
  <betaMeasure>1.04</betaMeasure>
  <stockSymbol>DEO</stockSymbol>
  <shareprice>122.75</shareprice>
</containers.Stock><containers.Stock>
  <code>123APP</code>
  <Identifier>S</Identifier>
  <quarterlyDividend>24.5</quarterlyDividend>
  <baseRateOfReturn>4.3</baseRateOfReturn>
  <betaMeasure>1.25</betaMeasure>
  <stockSymbol>AAPL</stockSymbol>
  <shareprice>429.8</shareprice>
</containers.Stock><containers.Stock>
  <code>321CC</code>
  <Identifier>S</Identifier>
  <quarterlyDividend>5.45</quarterlyDividend>
  <baseRateOfReturn>3.1</baseRateOfReturn>
  <betaMeasure>0.68</betaMeasure>
  <stockSymbol>KO</stockSymbol>
  <shareprice>41.08</shareprice>
</containers.Stock><containers.Stock>
  <code>No1BURR</code>
  <Identifier>S</Identifier>
  <quarterlyDividend>45.57</quarterlyDividend>
  <baseRateOfReturn>3.19</baseRateOfReturn>
  <betaMeasure>0.94</betaMeasure>
  <stockSymbol>CMG</stockSymbol>
  <shareprice>341.91</shareprice>
</containers.Stock><containers.Stock>
  <code>B0oWM</code>
  <Identifier>S</Identifier>
  <quarterlyDividend>10.0</quarterlyDividend>
  <baseRateOfReturn>2.25</baseRateOfReturn>
  <betaMeasure>0.82</betaMeasure>
  <stockSymbol>COST</stockSymbol>
  <shareprice>106.13</shareprice>
</containers.Stock><containers.Stock>
  <code>N0TPIX</code>
  <Identifier>S</Identifier>
  <quarterlyDividend>0.0</quarterlyDividend>
  <baseRateOfReturn>1.25</baseRateOfReturn>
  <betaMeasure>1.28</betaMeasure>
  <stockSymbol>DDD</stockSymbol>
  <shareprice>35.4</shareprice>
</containers.Stock><containers.Stock>
  <code>wOOWoo1S</code>
  <Identifier>S</Identifier>
  <quarterlyDividend>2.75</quarterlyDividend>
  <baseRateOfReturn>4.6</baseRateOfReturn>
  <betaMeasure>0.79</betaMeasure>
  <stockSymbol>CNI</stockSymbol>
  <shareprice>97.75</shareprice>
</containers.Stock><containers.Stock>
  <code>BERK-B</code>
  <Identifier>S</Identifier>
  <quarterlyDividend>0.0</quarterlyDividend>
  <baseRateOfReturn>7.2</baseRateOfReturn>
  <betaMeasure>0.29</betaMeasure>
  <stockSymbol>BRK-B</stockSymbol>
  <shareprice>107.04</shareprice>
</containers.Stock><containers.DepositAccount>
  <code>AGTSAV</code>
  <Identifier>D</Identifier>
  <label>Savings Account</label>
  <apr>0.25</apr>
</containers.DepositAccount><containers.DepositAccount>
  <code>BX001-23</code>
  <Identifier>D</Identifier>
  <label>Money Market Savings</label>
  <apr>1.05</apr>
</containers.DepositAccount><containers.DepositAccount>
  <code>CD99312</code>
  <Identifier>D</Identifier>
  <label>5-year CD</label>
  <apr>4.35</apr>
</containers.DepositAccount><containers.DepositAccount>
  <code>SAVE01</code>
  <Identifier>D</Identifier>
  <label>Online Savings A+</label>
  <apr>1.9</apr>
</containers.DepositAccount><containers.DepositAccount>
  <code>CD1Y3X</code>
  <Identifier>D</Identifier>
  <label>1-year Rollover CD</label>
  <apr>2.75</apr>
</containers.DepositAccount><containers.DepositAccount>
  <code>RIRA01</code>
  <Identifier>D</Identifier>
  <label>Roth IRA</label>
  <apr>3.4</apr>
</containers.DepositAccount><containers.PrivateInvestment>
  <code>RENT445</code>
  <Identifier>P</Identifier>
  <quarterlyDivedend>2400.0</quarterlyDivedend>
  <baseRateOfReturn>0.25</baseRateOfReturn>
  <OmegaMeasure>0.15</OmegaMeasure>
  <totalValue>120000.0</totalValue>
</containers.PrivateInvestment><containers.PrivateInvestment>
  <code>CMPROP0121</code>
  <Identifier>P</Identifier>
  <quarterlyDivedend>14240.0</quarterlyDivedend>
  <baseRateOfReturn>5.35</baseRateOfReturn>
  <OmegaMeasure>0.25</OmegaMeasure>
  <totalValue>1.0456E7</totalValue>
</containers.PrivateInvestment><containers.PrivateInvestment>
  <code>FOOD12</code>
  <Identifier>P</Identifier>
  <quarterlyDivedend>35000.0</quarterlyDivedend>
  <baseRateOfReturn>3.0</baseRateOfReturn>
  <OmegaMeasure>0.32</OmegaMeasure>
  <totalValue>1212500.0</totalValue>
</containers.PrivateInvestment><containers.PrivateInvestment>
  <code>REALStr12</code>
  <Identifier>P</Identifier>
  <quarterlyDivedend>1232.0</quarterlyDivedend>
  <baseRateOfReturn>1.23</baseRateOfReturn>
  <OmegaMeasure>0.13</OmegaMeasure>
  <totalValue>54300.0</totalValue>
</containers.PrivateInvestment><containers.PrivateInvestment>
  <code>IND321</code>
  <Identifier>P</Identifier>
  <quarterlyDivedend>10500.0</quarterlyDivedend>
  <baseRateOfReturn>2.0</baseRateOfReturn>
  <OmegaMeasure>-0.15</OmegaMeasure>
  <totalValue>4213333.0</totalValue>
</containers.PrivateInvestment><containers.PrivateInvestment>
  <code>RSTOR322</code>
  <Identifier>P</Identifier>
  <quarterlyDivedend>2453.21</quarterlyDivedend>
  <baseRateOfReturn>2.1</baseRateOfReturn>
  <OmegaMeasure>0.54</OmegaMeasure>
  <totalValue>13500.0</totalValue>
</containers.PrivateInvestment>