{
  "code": "GOOG001",
  "Identifier": "S",
  "quarterlyDividend": 0.0,
  "baseRateOfReturn": 5.6,
  "betaMeasure": 1.15,
  "stockSymbol": "GOOG",
  "shareprice": 814.708
}
{
  "code": "DIAGEO12",
  "Identifier": "S",
  "quarterlyDividend": 12.0,
  "baseRateOfReturn": 3.2,
  "betaMeasure": 1.04,
  "stockSymbol": "DEO",
  "shareprice": 122.75
}
{
  "code": "123APP",
  "Identifier": "S",
  "quarterlyDividend": 24.5,
  "baseRateOfReturn": 4.3,
  "betaMeasure": 1.25,
  "stockSymbol": "AAPL",
  "shareprice": 429.8
}
{
  "code": "321CC",
  "Identifier": "S",
  "quarterlyDividend": 5.45,
  "baseRateOfReturn": 3.1,
  "betaMeasure": 0.68,
  "stockSymbol": "KO",
  "shareprice": 41.08
}
{
  "code": "No1BURR",
  "Identifier": "S",
  "quarterlyDividend": 45.57,
  "baseRateOfReturn": 3.19,
  "betaMeasure": 0.94,
  "stockSymbol": "CMG",
  "shareprice": 341.91
}
{
  "code": "B0oWM",
  "Identifier": "S",
  "quarterlyDividend": 10.0,
  "baseRateOfReturn": 2.25,
  "betaMeasure": 0.82,
  "stockSymbol": "COST",
  "shareprice": 106.13
}
{
  "code": "N0TPIX",
  "Identifier": "S",
  "quarterlyDividend": 0.0,
  "baseRateOfReturn": 1.25,
  "betaMeasure": 1.28,
  "stockSymbol": "DDD",
  "shareprice": 35.4
}
{
  "code": "wOOWoo1S",
  "Identifier": "S",
  "quarterlyDividend": 2.75,
  "baseRateOfReturn": 4.6,
  "betaMeasure": 0.79,
  "stockSymbol": "CNI",
  "shareprice": 97.75
}
{
  "code": "BERK-B",
  "Identifier": "S",
  "quarterlyDividend": 0.0,
  "baseRateOfReturn": 7.2,
  "betaMeasure": 0.29,
  "stockSymbol": "BRK-B",
  "shareprice": 107.04
}
{
  "code": "AGTSAV",
  "Identifier": "D",
  "label": "Savings Account",
  "apr": 0.25
}
{
  "code": "BX001-23",
  "Identifier": "D",
  "label": "Money Market Savings",
  "apr": 1.05
}
{
  "code": "CD99312",
  "Identifier": "D",
  "label": "5-year CD",
  "apr": 4.35
}
{
  "code": "SAVE01",
  "Identifier": "D",
  "label": "Online Savings A+",
  "apr": 1.9
}
{
  "code": "CD1Y3X",
  "Identifier": "D",
  "label": "1-year Rollover CD",
  "apr": 2.75
}
{
  "code": "RIRA01",
  "Identifier": "D",
  "label": "Roth IRA",
  "apr": 3.4
}
{
  "code": "RENT445",
  "Identifier": "P",
  "quarterlyDivedend": 2400.0,
  "baseRateOfReturn": 0.25,
  "OmegaMeasure": 0.15,
  "totalValue": 120000.0
}
{
  "code": "CMPROP0121",
  "Identifier": "P",
  "quarterlyDivedend": 14240.0,
  "baseRateOfReturn": 5.35,
  "OmegaMeasure": 0.25,
  "totalValue": 1.0456E7
}
{
  "code": "FOOD12",
  "Identifier": "P",
  "quarterlyDivedend": 35000.0,
  "baseRateOfReturn": 3.0,
  "OmegaMeasure": 0.32,
  "totalValue": 1212500.0
}
{
  "code": "REALStr12",
  "Identifier": "P",
  "quarterlyDivedend": 1232.0,
  "baseRateOfReturn": 1.23,
  "OmegaMeasure": 0.13,
  "totalValue": 54300.0
}
{
  "code": "IND321",
  "Identifier": "P",
  "quarterlyDivedend": 10500.0,
  "baseRateOfReturn": 2.0,
  "OmegaMeasure": -0.15,
  "totalValue": 4213333.0
}
{
  "code": "RSTOR322",
  "Identifier": "P",
  "quarterlyDivedend": 2453.21,
  "baseRateOfReturn": 2.1,
  "OmegaMeasure": 0.54,
  "totalValue": 13500.0
}
