{
  "Identifier": "",
  "firstName": " Starlin",
  "lastName": "Castro",
  "street": "1060 West Addison Street",
  "city": "Chicago",
  "state": "IL",
  "country": "USA",
  "zip": "60613",
  "personCode": "944c",
  "emaillist": "starlin_castro13@gmail.com,"
}
{
  "Identifier": "",
  "firstName": " Brock",
  "lastName": "Sampson",
  "street": "123 N 1st Street",
  "city": "Omaha",
  "state": "NE",
  "country": "USA",
  "zip": "68116",
  "personCode": "306a",
  "emaillist": "bsampson@venture.com,"
}
{
  "Identifier": "",
  "firstName": " Miles",
  "lastName": "O\u0027Brien",
  "street": "123 Friendly Street",
  "city": "Ottawa",
  "state": "ON",
  "country": "Canada",
  "zip": "K1A 0G9",
  "personCode": "2342"
}
{
  "Identifier": "",
  "firstName": " Dale",
  "lastName": "Sveum",
  "street": "1060 West Addison Street",
  "city": "Chicago",
  "state": "IL",
  "country": "USA",
  "zip": "60613",
  "personCode": "ma12"
}
{
  "Identifier": "",
  "firstName": " William",
  "lastName": "Hartnell",
  "street": "1060 West Addison Street",
  "city": "Chicago",
  "state": "IL",
  "country": "USA",
  "zip": "60613",
  "personCode": "321nd",
  "emaillist": "dr@who.com,"
}
{
  "Identifier": "",
  "firstName": " Patrick",
  "lastName": "Troughton",
  "street": "1060 West Addison Street",
  "city": "Chicago",
  "state": "IL",
  "country": "USA",
  "zip": "60613",
  "personCode": "nf32a",
  "emaillist": "ptrou32@unl.edu,"
}
{
  "Identifier": "",
  "firstName": "Sylvester",
  "lastName": "McCoy",
  "street": "126-01 Roosevelt Ave",
  "city": " Flushing",
  "state": " NY",
  "country": "USA",
  "zip": "11368",
  "personCode": "1svndr",
  "emaillist": "mccoy@whofan.com,"
}
{
  "Identifier": "",
  "firstName": " David",
  "lastName": "Tennant",
  "street": "700 E Grand Ave",
  "city": " Chicago",
  "state": " IL",
  "country": "USA",
  "zip": " 60611",
  "personCode": "2ndbestd",
  "emaillist": "tdavid@unl.edu,"
}
{
  "Identifier": "",
  "firstName": " Matt",
  "lastName": "Smith",
  "street": "333 W 35th St",
  "city": " Chicago",
  "state": " IL",
  "country": "USA",
  "zip": "60616",
  "personCode": "wrddoc",
  "emaillist": "thedoc@cse.unl.edu,"
}
{
  "Identifier": "",
  "firstName": " Kaylee",
  "lastName": "Ehrmantraut",
  "street": "800 West 7th Street",
  "city": " Albuquerque",
  "state": " NM",
  "country": "USA",
  "zip": " 87105",
  "personCode": "bbchar"
}
{
  "Identifier": "",
  "firstName": " Peter",
  "lastName": "Davison",
  "street": "123 Cabo San Lucas",
  "city": " Los Cabos",
  "state": " BCS",
  "country": " Mexico",
  "zip": " ",
  "personCode": "doc05"
}
{
  "JBIdentifier": "J",
  "secCode": "sec991",
  "firstName": " Bud",
  "lastName": "Fox",
  "street": "321 Bronx Street",
  "city": "New York",
  "state": "NY",
  "country": "10004",
  "zip": "USA",
  "personCode": "321f",
  "emaillist": "bfox@gmail.comcsheen@crazy.net"
}
{
  "JBIdentifier": "J",
  "secCode": "sec982",
  "firstName": " Richard",
  "lastName": "Hurndall",
  "street": "Campos El290",
  "city": "Mexico City",
  "state": " FD",
  "country": "",
  "zip": " Mexico",
  "personCode": "6doc",
  "emaillist": "rhurndall@cse.unl.edurichard@unl.edu"
}
{
  "JBIdentifier": "J",
  "secCode": "sec543",
  "firstName": " C.",
  "lastName": "Baker",
  "street": "Avery Hall",
  "city": "Lincoln",
  "state": "NE",
  "country": "68503",
  "zip": "USA",
  "personCode": "321dr",
  "emaillist": "dr@baker.com"
}
{
  "JBIdentifier": "J",
  "secCode": "sec953",
  "firstName": " Chris",
  "lastName": "Eccleston",
  "street": "1 E 161st St",
  "city": " Bronx",
  "state": " NY",
  "country": "10451",
  "zip": "USA",
  "personCode": "nwdoc1",
  "emaillist": "newguy@whovian.com"
}
{
  "EBIdentifier": "E",
  "secCode": "sec001",
  "firstName": " Gordon",
  "lastName": "Gekko",
  "street": "1 Wall Street",
  "city": "New York",
  "state": "NY",
  "country": "10005-0012",
  "zip": "USA",
  "personCode": "aef1"
}
{
  "EBIdentifier": "J",
  "secCode": "sec125",
  "firstName": " Jon",
  "lastName": "Pertwee",
  "street": "301 Front St W",
  "city": " Toronto",
  "state": " ON",
  "country": " M5V 2T6",
  "zip": " Canada",
  "personCode": "321na",
  "emaillist": "jpet@whofan.com"
}
{
  "EBIdentifier": "J",
  "secCode": "sec221",
  "firstName": "Tom",
  "lastName": "Baker",
  "street": "1 Blue Jays Way",
  "city": " Toronto",
  "state": " ON",
  "country": " M5V 1J1",
  "zip": " Canada",
  "personCode": "231",
  "emaillist": "famousdoc@who.comtbaker@cse.unl.edumostfamous@whovian.comthedoctor@bbc.com"
}
{
  "EBIdentifier": "J",
  "secCode": "sec31x",
  "firstName": " Paul",
  "lastName": "McGann",
  "street": "1 MetLife Stadium Dr",
  "city": " East Rutherford",
  "state": " NJ",
  "country": "07073",
  "zip": "USA",
  "personCode": "123lst",
  "emaillist": "pmcgann@mlb.comfoo@bar.compmc@unl.edu"
}
