<?xml version="1.0" encoding="UTF-8" ?>
<containers.Customer>
  <firstName> Starlin</firstName>
  <lastName>Castro</lastName>
  <street>1060 West Addison Street</street>
  <city>Chicago</city>
  <state>IL</state>
  <country>USA</country>
  <zip>60613</zip>
  <personCode>944c</personCode>
  <emaillist>starlin_castro13@gmail.com,</emaillist>
  <Identifier></Identifier>
</containers.Customer><containers.Customer>
  <firstName> Brock</firstName>
  <lastName>Sampson</lastName>
  <street>123 N 1st Street</street>
  <city>Omaha</city>
  <state>NE</state>
  <country>USA</country>
  <zip>68116</zip>
  <personCode>306a</personCode>
  <emaillist>bsampson@venture.com,</emaillist>
  <Identifier></Identifier>
</containers.Customer><containers.Customer>
  <firstName> Miles</firstName>
  <lastName>O&apos;Brien</lastName>
  <street>123 Friendly Street</street>
  <city>Ottawa</city>
  <state>ON</state>
  <country>Canada</country>
  <zip>K1A 0G9</zip>
  <personCode>2342</personCode>
  <Identifier></Identifier>
</containers.Customer><containers.Customer>
  <firstName> Dale</firstName>
  <lastName>Sveum</lastName>
  <street>1060 West Addison Street</street>
  <city>Chicago</city>
  <state>IL</state>
  <country>USA</country>
  <zip>60613</zip>
  <personCode>ma12</personCode>
  <Identifier></Identifier>
</containers.Customer><containers.Customer>
  <firstName> William</firstName>
  <lastName>Hartnell</lastName>
  <street>1060 West Addison Street</street>
  <city>Chicago</city>
  <state>IL</state>
  <country>USA</country>
  <zip>60613</zip>
  <personCode>321nd</personCode>
  <emaillist>dr@who.com,</emaillist>
  <Identifier></Identifier>
</containers.Customer><containers.Customer>
  <firstName> Patrick</firstName>
  <lastName>Troughton</lastName>
  <street>1060 West Addison Street</street>
  <city>Chicago</city>
  <state>IL</state>
  <country>USA</country>
  <zip>60613</zip>
  <personCode>nf32a</personCode>
  <emaillist>ptrou32@unl.edu,</emaillist>
  <Identifier></Identifier>
</containers.Customer><containers.Customer>
  <firstName>Sylvester</firstName>
  <lastName>McCoy</lastName>
  <street>126-01 Roosevelt Ave</street>
  <city> Flushing</city>
  <state> NY</state>
  <country>USA</country>
  <zip>11368</zip>
  <personCode>1svndr</personCode>
  <emaillist>mccoy@whofan.com,</emaillist>
  <Identifier></Identifier>
</containers.Customer><containers.Customer>
  <firstName> David</firstName>
  <lastName>Tennant</lastName>
  <street>700 E Grand Ave</street>
  <city> Chicago</city>
  <state> IL</state>
  <country>USA</country>
  <zip> 60611</zip>
  <personCode>2ndbestd</personCode>
  <emaillist>tdavid@unl.edu,</emaillist>
  <Identifier></Identifier>
</containers.Customer><containers.Customer>
  <firstName> Matt</firstName>
  <lastName>Smith</lastName>
  <street>333 W 35th St</street>
  <city> Chicago</city>
  <state> IL</state>
  <country>USA</country>
  <zip>60616</zip>
  <personCode>wrddoc</personCode>
  <emaillist>thedoc@cse.unl.edu,</emaillist>
  <Identifier></Identifier>
</containers.Customer><containers.Customer>
  <firstName> Kaylee</firstName>
  <lastName>Ehrmantraut</lastName>
  <street>800 West 7th Street</street>
  <city> Albuquerque</city>
  <state> NM</state>
  <country>USA</country>
  <zip> 87105</zip>
  <personCode>bbchar</personCode>
  <Identifier></Identifier>
</containers.Customer><containers.Customer>
  <firstName> Peter</firstName>
  <lastName>Davison</lastName>
  <street>123 Cabo San Lucas</street>
  <city> Los Cabos</city>
  <state> BCS</state>
  <country> Mexico</country>
  <zip> </zip>
  <personCode>doc05</personCode>
  <Identifier></Identifier>
</containers.Customer><containers.JuniorBroker>
  <firstName> Bud</firstName>
  <lastName>Fox</lastName>
  <street>321 Bronx Street</street>
  <city>New York</city>
  <state>NY</state>
  <country>10004</country>
  <zip>USA</zip>
  <personCode>321f</personCode>
  <emaillist>bfox@gmail.comcsheen@crazy.net</emaillist>
  <JBIdentifier>J</JBIdentifier>
  <secCode>sec991</secCode>
</containers.JuniorBroker><containers.JuniorBroker>
  <firstName> Richard</firstName>
  <lastName>Hurndall</lastName>
  <street>Campos El290</street>
  <city>Mexico City</city>
  <state> FD</state>
  <country></country>
  <zip> Mexico</zip>
  <personCode>6doc</personCode>
  <emaillist>rhurndall@cse.unl.edurichard@unl.edu</emaillist>
  <JBIdentifier>J</JBIdentifier>
  <secCode>sec982</secCode>
</containers.JuniorBroker><containers.JuniorBroker>
  <firstName> C.</firstName>
  <lastName>Baker</lastName>
  <street>Avery Hall</street>
  <city>Lincoln</city>
  <state>NE</state>
  <country>68503</country>
  <zip>USA</zip>
  <personCode>321dr</personCode>
  <emaillist>dr@baker.com</emaillist>
  <JBIdentifier>J</JBIdentifier>
  <secCode>sec543</secCode>
</containers.JuniorBroker><containers.JuniorBroker>
  <firstName> Chris</firstName>
  <lastName>Eccleston</lastName>
  <street>1 E 161st St</street>
  <city> Bronx</city>
  <state> NY</state>
  <country>10451</country>
  <zip>USA</zip>
  <personCode>nwdoc1</personCode>
  <emaillist>newguy@whovian.com</emaillist>
  <JBIdentifier>J</JBIdentifier>
  <secCode>sec953</secCode>
</containers.JuniorBroker><containers.ExpertBroker>
  <firstName> Gordon</firstName>
  <lastName>Gekko</lastName>
  <street>1 Wall Street</street>
  <city>New York</city>
  <state>NY</state>
  <country>10005-0012</country>
  <zip>USA</zip>
  <personCode>aef1</personCode>
  <EBIdentifier>E</EBIdentifier>
  <secCode>sec001</secCode>
</containers.ExpertBroker><containers.ExpertBroker>
  <firstName> Jon</firstName>
  <lastName>Pertwee</lastName>
  <street>301 Front St W</street>
  <city> Toronto</city>
  <state> ON</state>
  <country> M5V 2T6</country>
  <zip> Canada</zip>
  <personCode>321na</personCode>
  <emaillist>jpet@whofan.com</emaillist>
  <EBIdentifier>J</EBIdentifier>
  <secCode>sec125</secCode>
</containers.ExpertBroker><containers.ExpertBroker>
  <firstName>Tom</firstName>
  <lastName>Baker</lastName>
  <street>1 Blue Jays Way</street>
  <city> Toronto</city>
  <state> ON</state>
  <country> M5V 1J1</country>
  <zip> Canada</zip>
  <personCode>231</personCode>
  <emaillist>famousdoc@who.comtbaker@cse.unl.edumostfamous@whovian.comthedoctor@bbc.com</emaillist>
  <EBIdentifier>J</EBIdentifier>
  <secCode>sec221</secCode>
</containers.ExpertBroker><containers.ExpertBroker>
  <firstName> Paul</firstName>
  <lastName>McGann</lastName>
  <street>1 MetLife Stadium Dr</street>
  <city> East Rutherford</city>
  <state> NJ</state>
  <country>07073</country>
  <zip>USA</zip>
  <personCode>123lst</personCode>
  <emaillist>pmcgann@mlb.comfoo@bar.compmc@unl.edu</emaillist>
  <EBIdentifier>J</EBIdentifier>
  <secCode>sec31x</secCode>
</containers.ExpertBroker>