<?xml version="1.0" encoding="UTF-8" ?>
<list>
  <Portfolio>
    <Code>PT001</Code>
    <Identifier> </Identifier>
    <Owner>
      <firstName> Starlin</firstName>
      <lastName>Castro</lastName>
      <street>1060 West Addison Street</street>
      <city>Chicago</city>
      <state>IL</state>
      <country>USA</country>
      <zip>60613</zip>
      <personCode>944c</personCode>
      <emaillist>starlin_castro13@gmail.com</emaillist>
      <Identifier></Identifier>
    </Owner>
    <Broker class="containers.ExpertBroker">
      <firstName> Gordon</firstName>
      <lastName>Gekko</lastName>
      <street>1 Wall Street</street>
      <city>New York</city>
      <state>NY</state>
      <country>10005-0012</country>
      <zip>USA</zip>
      <personCode>aef1</personCode>
      <EBIdentifier>E</EBIdentifier>
      <secCode>sec001</secCode>
    </Broker>
    <Fees>0.0</Fees>
    <Comissions>0.0</Comissions>
    <riskMeasure>0.0</riskMeasure>
    <Returns>0.0</Returns>
    <Total>13266.25</Total>
    <Beneficiary>
      <firstName> Dale</firstName>
      <lastName>Sveum</lastName>
      <street>1060 West Addison Street</street>
      <city>Chicago</city>
      <state>IL</state>
      <country>USA</country>
      <zip>60613</zip>
      <personCode>ma12</personCode>
      <Identifier></Identifier>
    </Beneficiary>
    <AssetList>
      <containers.DepositAccount>
        <code>AGTSAV</code>
        <Identifier>D</Identifier>
        <label>Savings Account</label>
        <apr>0.25</apr>
        <total>0.0</total>
      </containers.DepositAccount>
      <containers.DepositAccount>
        <code>BX001-23</code>
        <Identifier>D</Identifier>
        <label>Money Market Savings</label>
        <apr>1.05</apr>
        <total>0.0</total>
      </containers.DepositAccount>
      <containers.Stock>
        <code>B0oWM</code>
        <Identifier>S</Identifier>
        <quarterlyDividend>10.0</quarterlyDividend>
        <baseRateOfReturn>2.25</baseRateOfReturn>
        <betaMeasure>0.82</betaMeasure>
        <stockSymbol>COST</stockSymbol>
        <shareprice>106.13</shareprice>
        <stockOwned>125.0</stockOwned>
        <total>13266.25</total>
      </containers.Stock>
    </AssetList>
    <assetCount>3.0</assetCount>
  </Portfolio>
  <Portfolio>
    <Code>PF002</Code>
    <Identifier> </Identifier>
    <Owner>
      <firstName> Matt</firstName>
      <lastName>Smith</lastName>
      <street>333 W 35th St</street>
      <city> Chicago</city>
      <state> IL</state>
      <country>USA</country>
      <zip>60616</zip>
      <personCode>wrddoc</personCode>
      <emaillist>thedoc@cse.unl.edu</emaillist>
      <Identifier></Identifier>
    </Owner>
    <Broker class="containers.ExpertBroker">
      <firstName>Tom</firstName>
      <lastName>Baker</lastName>
      <street>1 Blue Jays Way</street>
      <city> Toronto</city>
      <state> ON</state>
      <country> M5V 1J1</country>
      <zip> Canada</zip>
      <personCode>231</personCode>
      <emaillist>famousdoc@who.comtbaker@cse.unl.edumostfamous@whovian.comthedoctor@bbc.com</emaillist>
      <EBIdentifier>J</EBIdentifier>
      <secCode>sec221</secCode>
    </Broker>
    <Fees>0.0</Fees>
    <Comissions>0.0</Comissions>
    <riskMeasure>0.0</riskMeasure>
    <Returns>0.0</Returns>
    <Total>5.497395825E7</Total>
    <Beneficiary>
      <firstName>Sylvester</firstName>
      <lastName>McCoy</lastName>
      <street>126-01 Roosevelt Ave</street>
      <city> Flushing</city>
      <state> NY</state>
      <country>USA</country>
      <zip>11368</zip>
      <personCode>1svndr</personCode>
      <emaillist>mccoy@whofan.com</emaillist>
      <Identifier></Identifier>
    </Beneficiary>
    <AssetList>
      <containers.DepositAccount reference="../../../Portfolio/AssetList/containers.DepositAccount"/>
      <containers.DepositAccount reference="../../../Portfolio/AssetList/containers.DepositAccount[2]"/>
      <containers.Stock reference="../../../Portfolio/AssetList/containers.Stock"/>
      <containers.Stock>
        <code>BERK-B</code>
        <Identifier>S</Identifier>
        <quarterlyDividend>0.0</quarterlyDividend>
        <baseRateOfReturn>7.2</baseRateOfReturn>
        <betaMeasure>0.29</betaMeasure>
        <stockSymbol>BRK-B</stockSymbol>
        <shareprice>107.04</shareprice>
        <stockOwned>1050.0</stockOwned>
        <total>112392.0</total>
      </containers.Stock>
      <containers.DepositAccount reference="../../../Portfolio/AssetList/containers.DepositAccount[2]"/>
      <containers.PrivateInvestment>
        <code>RENT445</code>
        <Identifier>P</Identifier>
        <quarterlyDivedend>2400.0</quarterlyDivedend>
        <baseRateOfReturn>0.25</baseRateOfReturn>
        <OmegaMeasure>0.15</OmegaMeasure>
        <totalValue>120000.0</totalValue>
        <percentOwned>100.0</percentOwned>
        <total>1.2E7</total>
      </containers.PrivateInvestment>
      <containers.PrivateInvestment>
        <code>FOOD12</code>
        <Identifier>P</Identifier>
        <quarterlyDivedend>35000.0</quarterlyDivedend>
        <baseRateOfReturn>3.0</baseRateOfReturn>
        <OmegaMeasure>0.32</OmegaMeasure>
        <totalValue>1212500.0</totalValue>
        <percentOwned>35.0</percentOwned>
        <total>4.24375E7</total>
      </containers.PrivateInvestment>
      <containers.Stock>
        <code>321CC</code>
        <Identifier>S</Identifier>
        <quarterlyDividend>5.45</quarterlyDividend>
        <baseRateOfReturn>3.1</baseRateOfReturn>
        <betaMeasure>0.68</betaMeasure>
        <stockSymbol>KO</stockSymbol>
        <shareprice>41.08</shareprice>
        <stockOwned>10000.0</stockOwned>
        <total>410800.0</total>
      </containers.Stock>
    </AssetList>
    <assetCount>8.0</assetCount>
  </Portfolio>
  <Portfolio>
    <Code>PF003</Code>
    <Identifier> </Identifier>
    <Owner>
      <firstName> David</firstName>
      <lastName>Tennant</lastName>
      <street>700 E Grand Ave</street>
      <city> Chicago</city>
      <state> IL</state>
      <country>USA</country>
      <zip> 60611</zip>
      <personCode>2ndbestd</personCode>
      <emaillist>tdavid@unl.edu</emaillist>
      <Identifier></Identifier>
    </Owner>
    <Broker class="containers.ExpertBroker" reference="../../Portfolio[2]/Broker"/>
    <Fees>0.0</Fees>
    <Comissions>0.0</Comissions>
    <riskMeasure>0.0</riskMeasure>
    <Returns>0.0</Returns>
    <Total>5.497470165E7</Total>
    <Beneficiary reference="../../Portfolio[2]/Beneficiary"/>
    <AssetList>
      <containers.DepositAccount reference="../../../Portfolio/AssetList/containers.DepositAccount"/>
      <containers.DepositAccount reference="../../../Portfolio/AssetList/containers.DepositAccount[2]"/>
      <containers.Stock reference="../../../Portfolio/AssetList/containers.Stock"/>
      <containers.Stock reference="../../../Portfolio[2]/AssetList/containers.Stock[2]"/>
      <containers.DepositAccount reference="../../../Portfolio/AssetList/containers.DepositAccount[2]"/>
      <containers.PrivateInvestment reference="../../../Portfolio[2]/AssetList/containers.PrivateInvestment"/>
      <containers.PrivateInvestment reference="../../../Portfolio[2]/AssetList/containers.PrivateInvestment[2]"/>
      <containers.Stock reference="../../../Portfolio[2]/AssetList/containers.Stock[3]"/>
      <containers.Stock>
        <code>N0TPIX</code>
        <Identifier>S</Identifier>
        <quarterlyDividend>0.0</quarterlyDividend>
        <baseRateOfReturn>1.25</baseRateOfReturn>
        <betaMeasure>1.28</betaMeasure>
        <stockSymbol>DDD</stockSymbol>
        <shareprice>35.4</shareprice>
        <stockOwned>21.0</stockOwned>
        <total>743.4</total>
      </containers.Stock>
    </AssetList>
    <assetCount>9.0</assetCount>
  </Portfolio>
  <Portfolio>
    <Code>PF004</Code>
    <Identifier> </Identifier>
    <Owner reference="../../Portfolio[3]/Owner"/>
    <Broker class="containers.JuniorBroker">
      <firstName> Richard</firstName>
      <lastName>Hurndall</lastName>
      <street>Campos El290</street>
      <city>Mexico City</city>
      <state> FD</state>
      <country></country>
      <zip> Mexico</zip>
      <personCode>6doc</personCode>
      <emaillist>rhurndall@cse.unl.edurichard@unl.edu</emaillist>
      <JBIdentifier>J</JBIdentifier>
      <secCode>sec982</secCode>
    </Broker>
    <Fees>0.0</Fees>
    <Comissions>0.0</Comissions>
    <riskMeasure>0.0</riskMeasure>
    <Returns>0.0</Returns>
    <Total>5.497470165E7</Total>
    <Beneficiary>
      <firstName> Kaylee</firstName>
      <lastName>Ehrmantraut</lastName>
      <street>800 West 7th Street</street>
      <city> Albuquerque</city>
      <state> NM</state>
      <country>USA</country>
      <zip> 87105</zip>
      <personCode>bbchar</personCode>
      <Identifier></Identifier>
    </Beneficiary>
    <AssetList>
      <containers.DepositAccount reference="../../../Portfolio/AssetList/containers.DepositAccount"/>
      <containers.DepositAccount reference="../../../Portfolio/AssetList/containers.DepositAccount[2]"/>
      <containers.Stock reference="../../../Portfolio/AssetList/containers.Stock"/>
      <containers.Stock reference="../../../Portfolio[2]/AssetList/containers.Stock[2]"/>
      <containers.DepositAccount reference="../../../Portfolio/AssetList/containers.DepositAccount[2]"/>
      <containers.PrivateInvestment reference="../../../Portfolio[2]/AssetList/containers.PrivateInvestment"/>
      <containers.PrivateInvestment reference="../../../Portfolio[2]/AssetList/containers.PrivateInvestment[2]"/>
      <containers.Stock reference="../../../Portfolio[2]/AssetList/containers.Stock[3]"/>
      <containers.Stock reference="../../../Portfolio[3]/AssetList/containers.Stock[4]"/>
      <containers.DepositAccount>
        <code>RIRA01</code>
        <Identifier>D</Identifier>
        <label>Roth IRA</label>
        <apr>3.4</apr>
        <total>0.0</total>
      </containers.DepositAccount>
    </AssetList>
    <assetCount>10.0</assetCount>
  </Portfolio>
  <Portfolio>
    <Code>PF006</Code>
    <Identifier></Identifier>
    <Owner reference="../../Portfolio[2]/Beneficiary"/>
    <Broker class="containers.ExpertBroker" reference="../../Portfolio[2]/Broker"/>
    <Fees>0.0</Fees>
    <Comissions>0.0</Comissions>
    <riskMeasure>0.0</riskMeasure>
    <Returns>0.0</Returns>
    <Total>0.0</Total>
    <AssetList/>
    <assetCount>0.0</assetCount>
  </Portfolio>
  <Portfolio>
    <Code>PF007</Code>
    <Identifier> </Identifier>
    <Owner>
      <firstName>Tom</firstName>
      <lastName>Baker</lastName>
      <street>1 Blue Jays Way</street>
      <city> Toronto</city>
      <state> ON</state>
      <country> M5V 1J1</country>
      <zip> Canada</zip>
      <personCode>231</personCode>
      <Identifier></Identifier>
    </Owner>
    <Broker class="containers.ExpertBroker" reference="../../Portfolio[2]/Broker"/>
    <Fees>0.0</Fees>
    <Comissions>0.0</Comissions>
    <riskMeasure>0.0</riskMeasure>
    <Returns>0.0</Returns>
    <Total>3.0175798915E8</Total>
    <Beneficiary reference="../../Portfolio[4]/Beneficiary"/>
    <AssetList>
      <containers.DepositAccount reference="../../../Portfolio/AssetList/containers.DepositAccount"/>
      <containers.DepositAccount reference="../../../Portfolio/AssetList/containers.DepositAccount[2]"/>
      <containers.Stock reference="../../../Portfolio/AssetList/containers.Stock"/>
      <containers.Stock reference="../../../Portfolio[2]/AssetList/containers.Stock[2]"/>
      <containers.DepositAccount reference="../../../Portfolio/AssetList/containers.DepositAccount[2]"/>
      <containers.PrivateInvestment reference="../../../Portfolio[2]/AssetList/containers.PrivateInvestment"/>
      <containers.PrivateInvestment reference="../../../Portfolio[2]/AssetList/containers.PrivateInvestment[2]"/>
      <containers.Stock reference="../../../Portfolio[2]/AssetList/containers.Stock[3]"/>
      <containers.Stock reference="../../../Portfolio[3]/AssetList/containers.Stock[4]"/>
      <containers.DepositAccount reference="../../../Portfolio[4]/AssetList/containers.DepositAccount[4]"/>
      <containers.Stock reference="../../../Portfolio[2]/AssetList/containers.Stock[3]"/>
      <containers.Stock>
        <code>wOOWoo1S</code>
        <Identifier>S</Identifier>
        <quarterlyDividend>2.75</quarterlyDividend>
        <baseRateOfReturn>4.6</baseRateOfReturn>
        <betaMeasure>0.79</betaMeasure>
        <stockSymbol>CNI</stockSymbol>
        <shareprice>97.75</shareprice>
        <stockOwned>50.0</stockOwned>
        <total>4887.5</total>
      </containers.Stock>
      <containers.PrivateInvestment>
        <code>CMPROP0121</code>
        <Identifier>P</Identifier>
        <quarterlyDivedend>14240.0</quarterlyDivedend>
        <baseRateOfReturn>5.35</baseRateOfReturn>
        <OmegaMeasure>0.25</OmegaMeasure>
        <totalValue>1.0456E7</totalValue>
        <percentOwned>23.5</percentOwned>
        <total>2.45716E8</total>
      </containers.PrivateInvestment>
      <containers.PrivateInvestment>
        <code>REALStr12</code>
        <Identifier>P</Identifier>
        <quarterlyDivedend>1232.0</quarterlyDivedend>
        <baseRateOfReturn>1.23</baseRateOfReturn>
        <OmegaMeasure>0.13</OmegaMeasure>
        <totalValue>54300.0</totalValue>
        <percentOwned>12.0</percentOwned>
        <total>651600.0</total>
      </containers.PrivateInvestment>
    </AssetList>
    <assetCount>14.0</assetCount>
  </Portfolio>
  <Portfolio>
    <Code>PF200</Code>
    <Identifier> </Identifier>
    <Owner>
      <firstName> Richard</firstName>
      <lastName>Hurndall</lastName>
      <street>Campos El290</street>
      <city>Mexico City</city>
      <state> FD</state>
      <country></country>
      <zip> Mexico</zip>
      <personCode>6doc</personCode>
      <Identifier></Identifier>
    </Owner>
    <Broker class="containers.JuniorBroker">
      <firstName> Chris</firstName>
      <lastName>Eccleston</lastName>
      <street>1 E 161st St</street>
      <city> Bronx</city>
      <state> NY</state>
      <country>10451</country>
      <zip>USA</zip>
      <personCode>nwdoc1</personCode>
      <emaillist>newguy@whovian.com</emaillist>
      <JBIdentifier>J</JBIdentifier>
      <secCode>sec953</secCode>
    </Broker>
    <Fees>0.0</Fees>
    <Comissions>0.0</Comissions>
    <riskMeasure>0.0</riskMeasure>
    <Returns>0.0</Returns>
    <Total>3.0175798915E8</Total>
    <Beneficiary reference="../../Portfolio[4]/Beneficiary"/>
    <AssetList>
      <containers.DepositAccount reference="../../../Portfolio/AssetList/containers.DepositAccount"/>
      <containers.DepositAccount reference="../../../Portfolio/AssetList/containers.DepositAccount[2]"/>
      <containers.Stock reference="../../../Portfolio/AssetList/containers.Stock"/>
      <containers.Stock reference="../../../Portfolio[2]/AssetList/containers.Stock[2]"/>
      <containers.DepositAccount reference="../../../Portfolio/AssetList/containers.DepositAccount[2]"/>
      <containers.PrivateInvestment reference="../../../Portfolio[2]/AssetList/containers.PrivateInvestment"/>
      <containers.PrivateInvestment reference="../../../Portfolio[2]/AssetList/containers.PrivateInvestment[2]"/>
      <containers.Stock reference="../../../Portfolio[2]/AssetList/containers.Stock[3]"/>
      <containers.Stock reference="../../../Portfolio[3]/AssetList/containers.Stock[4]"/>
      <containers.DepositAccount reference="../../../Portfolio[4]/AssetList/containers.DepositAccount[4]"/>
      <containers.Stock reference="../../../Portfolio[2]/AssetList/containers.Stock[3]"/>
      <containers.Stock reference="../../../Portfolio[6]/AssetList/containers.Stock[6]"/>
      <containers.PrivateInvestment reference="../../../Portfolio[6]/AssetList/containers.PrivateInvestment[3]"/>
      <containers.PrivateInvestment reference="../../../Portfolio[6]/AssetList/containers.PrivateInvestment[4]"/>
    </AssetList>
    <assetCount>14.0</assetCount>
  </Portfolio>
</list>