{
  "Code": "PT001",
  "Identifier": " ",
  "Owner": {
    "Identifier": "",
    "firstName": " Starlin",
    "lastName": "Castro",
    "street": "1060 West Addison Street",
    "city": "Chicago",
    "state": "IL",
    "country": "USA",
    "zip": "60613",
    "personCode": "944c",
    "emaillist": "starlin_castro13@gmail.com"
  },
  "Broker": {
    "EBIdentifier": "E",
    "secCode": "sec001",
    "firstName": " Gordon",
    "lastName": "Gekko",
    "street": "1 Wall Street",
    "city": "New York",
    "state": "NY",
    "country": "10005-0012",
    "zip": "USA",
    "personCode": "aef1"
  },
  "Fees": 0.0,
  "Comissions": 0.0,
  "riskMeasure": 0.0,
  "Returns": 0.0,
  "Total": 13266.25,
  "Beneficiary": {
    "Identifier": "",
    "firstName": " Dale",
    "lastName": "Sveum",
    "street": "1060 West Addison Street",
    "city": "Chicago",
    "state": "IL",
    "country": "USA",
    "zip": "60613",
    "personCode": "ma12"
  },
  "AssetList": [
    {
      "code": "AGTSAV",
      "Identifier": "D",
      "label": "Savings Account",
      "apr": 0.25,
      "total": 0.0
    },
    {
      "code": "BX001-23",
      "Identifier": "D",
      "label": "Money Market Savings",
      "apr": 1.05,
      "total": 0.0
    },
    {
      "code": "B0oWM",
      "Identifier": "S",
      "quarterlyDividend": 10.0,
      "baseRateOfReturn": 2.25,
      "betaMeasure": 0.82,
      "stockSymbol": "COST",
      "shareprice": 106.13,
      "stockOwned": 125.0,
      "total": 13266.25
    }
  ],
  "assetCount": 3.0
}
{
  "Code": "PF002",
  "Identifier": " ",
  "Owner": {
    "Identifier": "",
    "firstName": " Matt",
    "lastName": "Smith",
    "street": "333 W 35th St",
    "city": " Chicago",
    "state": " IL",
    "country": "USA",
    "zip": "60616",
    "personCode": "wrddoc",
    "emaillist": "thedoc@cse.unl.edu"
  },
  "Broker": {
    "EBIdentifier": "J",
    "secCode": "sec221",
    "firstName": "Tom",
    "lastName": "Baker",
    "street": "1 Blue Jays Way",
    "city": " Toronto",
    "state": " ON",
    "country": " M5V 1J1",
    "zip": " Canada",
    "personCode": "231",
    "emaillist": "famousdoc@who.comtbaker@cse.unl.edumostfamous@whovian.comthedoctor@bbc.com"
  },
  "Fees": 0.0,
  "Comissions": 0.0,
  "riskMeasure": 0.0,
  "Returns": 0.0,
  "Total": 5.497395825E7,
  "Beneficiary": {
    "Identifier": "",
    "firstName": "Sylvester",
    "lastName": "McCoy",
    "street": "126-01 Roosevelt Ave",
    "city": " Flushing",
    "state": " NY",
    "country": "USA",
    "zip": "11368",
    "personCode": "1svndr",
    "emaillist": "mccoy@whofan.com"
  },
  "AssetList": [
    {
      "code": "AGTSAV",
      "Identifier": "D",
      "label": "Savings Account",
      "apr": 0.25,
      "total": 0.0
    },
    {
      "code": "BX001-23",
      "Identifier": "D",
      "label": "Money Market Savings",
      "apr": 1.05,
      "total": 0.0
    },
    {
      "code": "B0oWM",
      "Identifier": "S",
      "quarterlyDividend": 10.0,
      "baseRateOfReturn": 2.25,
      "betaMeasure": 0.82,
      "stockSymbol": "COST",
      "shareprice": 106.13,
      "stockOwned": 125.0,
      "total": 13266.25
    },
    {
      "code": "BERK-B",
      "Identifier": "S",
      "quarterlyDividend": 0.0,
      "baseRateOfReturn": 7.2,
      "betaMeasure": 0.29,
      "stockSymbol": "BRK-B",
      "shareprice": 107.04,
      "stockOwned": 1050.0,
      "total": 112392.0
    },
    {
      "code": "BX001-23",
      "Identifier": "D",
      "label": "Money Market Savings",
      "apr": 1.05,
      "total": 0.0
    },
    {
      "code": "RENT445",
      "Identifier": "P",
      "quarterlyDivedend": 2400.0,
      "baseRateOfReturn": 0.25,
      "OmegaMeasure": 0.15,
      "totalValue": 120000.0,
      "percentOwned": 100.0,
      "total": 1.2E7
    },
    {
      "code": "FOOD12",
      "Identifier": "P",
      "quarterlyDivedend": 35000.0,
      "baseRateOfReturn": 3.0,
      "OmegaMeasure": 0.32,
      "totalValue": 1212500.0,
      "percentOwned": 35.0,
      "total": 4.24375E7
    },
    {
      "code": "321CC",
      "Identifier": "S",
      "quarterlyDividend": 5.45,
      "baseRateOfReturn": 3.1,
      "betaMeasure": 0.68,
      "stockSymbol": "KO",
      "shareprice": 41.08,
      "stockOwned": 10000.0,
      "total": 410800.0
    }
  ],
  "assetCount": 8.0
}
{
  "Code": "PF003",
  "Identifier": " ",
  "Owner": {
    "Identifier": "",
    "firstName": " David",
    "lastName": "Tennant",
    "street": "700 E Grand Ave",
    "city": " Chicago",
    "state": " IL",
    "country": "USA",
    "zip": " 60611",
    "personCode": "2ndbestd",
    "emaillist": "tdavid@unl.edu"
  },
  "Broker": {
    "EBIdentifier": "J",
    "secCode": "sec221",
    "firstName": "Tom",
    "lastName": "Baker",
    "street": "1 Blue Jays Way",
    "city": " Toronto",
    "state": " ON",
    "country": " M5V 1J1",
    "zip": " Canada",
    "personCode": "231",
    "emaillist": "famousdoc@who.comtbaker@cse.unl.edumostfamous@whovian.comthedoctor@bbc.com"
  },
  "Fees": 0.0,
  "Comissions": 0.0,
  "riskMeasure": 0.0,
  "Returns": 0.0,
  "Total": 5.497470165E7,
  "Beneficiary": {
    "Identifier": "",
    "firstName": "Sylvester",
    "lastName": "McCoy",
    "street": "126-01 Roosevelt Ave",
    "city": " Flushing",
    "state": " NY",
    "country": "USA",
    "zip": "11368",
    "personCode": "1svndr",
    "emaillist": "mccoy@whofan.com"
  },
  "AssetList": [
    {
      "code": "AGTSAV",
      "Identifier": "D",
      "label": "Savings Account",
      "apr": 0.25,
      "total": 0.0
    },
    {
      "code": "BX001-23",
      "Identifier": "D",
      "label": "Money Market Savings",
      "apr": 1.05,
      "total": 0.0
    },
    {
      "code": "B0oWM",
      "Identifier": "S",
      "quarterlyDividend": 10.0,
      "baseRateOfReturn": 2.25,
      "betaMeasure": 0.82,
      "stockSymbol": "COST",
      "shareprice": 106.13,
      "stockOwned": 125.0,
      "total": 13266.25
    },
    {
      "code": "BERK-B",
      "Identifier": "S",
      "quarterlyDividend": 0.0,
      "baseRateOfReturn": 7.2,
      "betaMeasure": 0.29,
      "stockSymbol": "BRK-B",
      "shareprice": 107.04,
      "stockOwned": 1050.0,
      "total": 112392.0
    },
    {
      "code": "BX001-23",
      "Identifier": "D",
      "label": "Money Market Savings",
      "apr": 1.05,
      "total": 0.0
    },
    {
      "code": "RENT445",
      "Identifier": "P",
      "quarterlyDivedend": 2400.0,
      "baseRateOfReturn": 0.25,
      "OmegaMeasure": 0.15,
      "totalValue": 120000.0,
      "percentOwned": 100.0,
      "total": 1.2E7
    },
    {
      "code": "FOOD12",
      "Identifier": "P",
      "quarterlyDivedend": 35000.0,
      "baseRateOfReturn": 3.0,
      "OmegaMeasure": 0.32,
      "totalValue": 1212500.0,
      "percentOwned": 35.0,
      "total": 4.24375E7
    },
    {
      "code": "321CC",
      "Identifier": "S",
      "quarterlyDividend": 5.45,
      "baseRateOfReturn": 3.1,
      "betaMeasure": 0.68,
      "stockSymbol": "KO",
      "shareprice": 41.08,
      "stockOwned": 10000.0,
      "total": 410800.0
    },
    {
      "code": "N0TPIX",
      "Identifier": "S",
      "quarterlyDividend": 0.0,
      "baseRateOfReturn": 1.25,
      "betaMeasure": 1.28,
      "stockSymbol": "DDD",
      "shareprice": 35.4,
      "stockOwned": 21.0,
      "total": 743.4
    }
  ],
  "assetCount": 9.0
}
{
  "Code": "PF004",
  "Identifier": " ",
  "Owner": {
    "Identifier": "",
    "firstName": " David",
    "lastName": "Tennant",
    "street": "700 E Grand Ave",
    "city": " Chicago",
    "state": " IL",
    "country": "USA",
    "zip": " 60611",
    "personCode": "2ndbestd",
    "emaillist": "tdavid@unl.edu"
  },
  "Broker": {
    "JBIdentifier": "J",
    "secCode": "sec982",
    "firstName": " Richard",
    "lastName": "Hurndall",
    "street": "Campos El290",
    "city": "Mexico City",
    "state": " FD",
    "country": "",
    "zip": " Mexico",
    "personCode": "6doc",
    "emaillist": "rhurndall@cse.unl.edurichard@unl.edu"
  },
  "Fees": 0.0,
  "Comissions": 0.0,
  "riskMeasure": 0.0,
  "Returns": 0.0,
  "Total": 5.497470165E7,
  "Beneficiary": {
    "Identifier": "",
    "firstName": " Kaylee",
    "lastName": "Ehrmantraut",
    "street": "800 West 7th Street",
    "city": " Albuquerque",
    "state": " NM",
    "country": "USA",
    "zip": " 87105",
    "personCode": "bbchar"
  },
  "AssetList": [
    {
      "code": "AGTSAV",
      "Identifier": "D",
      "label": "Savings Account",
      "apr": 0.25,
      "total": 0.0
    },
    {
      "code": "BX001-23",
      "Identifier": "D",
      "label": "Money Market Savings",
      "apr": 1.05,
      "total": 0.0
    },
    {
      "code": "B0oWM",
      "Identifier": "S",
      "quarterlyDividend": 10.0,
      "baseRateOfReturn": 2.25,
      "betaMeasure": 0.82,
      "stockSymbol": "COST",
      "shareprice": 106.13,
      "stockOwned": 125.0,
      "total": 13266.25
    },
    {
      "code": "BERK-B",
      "Identifier": "S",
      "quarterlyDividend": 0.0,
      "baseRateOfReturn": 7.2,
      "betaMeasure": 0.29,
      "stockSymbol": "BRK-B",
      "shareprice": 107.04,
      "stockOwned": 1050.0,
      "total": 112392.0
    },
    {
      "code": "BX001-23",
      "Identifier": "D",
      "label": "Money Market Savings",
      "apr": 1.05,
      "total": 0.0
    },
    {
      "code": "RENT445",
      "Identifier": "P",
      "quarterlyDivedend": 2400.0,
      "baseRateOfReturn": 0.25,
      "OmegaMeasure": 0.15,
      "totalValue": 120000.0,
      "percentOwned": 100.0,
      "total": 1.2E7
    },
    {
      "code": "FOOD12",
      "Identifier": "P",
      "quarterlyDivedend": 35000.0,
      "baseRateOfReturn": 3.0,
      "OmegaMeasure": 0.32,
      "totalValue": 1212500.0,
      "percentOwned": 35.0,
      "total": 4.24375E7
    },
    {
      "code": "321CC",
      "Identifier": "S",
      "quarterlyDividend": 5.45,
      "baseRateOfReturn": 3.1,
      "betaMeasure": 0.68,
      "stockSymbol": "KO",
      "shareprice": 41.08,
      "stockOwned": 10000.0,
      "total": 410800.0
    },
    {
      "code": "N0TPIX",
      "Identifier": "S",
      "quarterlyDividend": 0.0,
      "baseRateOfReturn": 1.25,
      "betaMeasure": 1.28,
      "stockSymbol": "DDD",
      "shareprice": 35.4,
      "stockOwned": 21.0,
      "total": 743.4
    },
    {
      "code": "RIRA01",
      "Identifier": "D",
      "label": "Roth IRA",
      "apr": 3.4,
      "total": 0.0
    }
  ],
  "assetCount": 10.0
}
{
  "Code": "PF006",
  "Identifier": "",
  "Owner": {
    "Identifier": "",
    "firstName": "Sylvester",
    "lastName": "McCoy",
    "street": "126-01 Roosevelt Ave",
    "city": " Flushing",
    "state": " NY",
    "country": "USA",
    "zip": "11368",
    "personCode": "1svndr",
    "emaillist": "mccoy@whofan.com"
  },
  "Broker": {
    "EBIdentifier": "J",
    "secCode": "sec221",
    "firstName": "Tom",
    "lastName": "Baker",
    "street": "1 Blue Jays Way",
    "city": " Toronto",
    "state": " ON",
    "country": " M5V 1J1",
    "zip": " Canada",
    "personCode": "231",
    "emaillist": "famousdoc@who.comtbaker@cse.unl.edumostfamous@whovian.comthedoctor@bbc.com"
  },
  "Fees": 0.0,
  "Comissions": 0.0,
  "riskMeasure": 0.0,
  "Returns": 0.0,
  "Total": 0.0,
  "AssetList": [],
  "assetCount": 0.0
}
{
  "Code": "PF007",
  "Identifier": " ",
  "Owner": {
    "Identifier": "",
    "firstName": "Tom",
    "lastName": "Baker",
    "street": "1 Blue Jays Way",
    "city": " Toronto",
    "state": " ON",
    "country": " M5V 1J1",
    "zip": " Canada",
    "personCode": "231"
  },
  "Broker": {
    "EBIdentifier": "J",
    "secCode": "sec221",
    "firstName": "Tom",
    "lastName": "Baker",
    "street": "1 Blue Jays Way",
    "city": " Toronto",
    "state": " ON",
    "country": " M5V 1J1",
    "zip": " Canada",
    "personCode": "231",
    "emaillist": "famousdoc@who.comtbaker@cse.unl.edumostfamous@whovian.comthedoctor@bbc.com"
  },
  "Fees": 0.0,
  "Comissions": 0.0,
  "riskMeasure": 0.0,
  "Returns": 0.0,
  "Total": 3.0175798915E8,
  "Beneficiary": {
    "Identifier": "",
    "firstName": " Kaylee",
    "lastName": "Ehrmantraut",
    "street": "800 West 7th Street",
    "city": " Albuquerque",
    "state": " NM",
    "country": "USA",
    "zip": " 87105",
    "personCode": "bbchar"
  },
  "AssetList": [
    {
      "code": "AGTSAV",
      "Identifier": "D",
      "label": "Savings Account",
      "apr": 0.25,
      "total": 0.0
    },
    {
      "code": "BX001-23",
      "Identifier": "D",
      "label": "Money Market Savings",
      "apr": 1.05,
      "total": 0.0
    },
    {
      "code": "B0oWM",
      "Identifier": "S",
      "quarterlyDividend": 10.0,
      "baseRateOfReturn": 2.25,
      "betaMeasure": 0.82,
      "stockSymbol": "COST",
      "shareprice": 106.13,
      "stockOwned": 125.0,
      "total": 13266.25
    },
    {
      "code": "BERK-B",
      "Identifier": "S",
      "quarterlyDividend": 0.0,
      "baseRateOfReturn": 7.2,
      "betaMeasure": 0.29,
      "stockSymbol": "BRK-B",
      "shareprice": 107.04,
      "stockOwned": 1050.0,
      "total": 112392.0
    },
    {
      "code": "BX001-23",
      "Identifier": "D",
      "label": "Money Market Savings",
      "apr": 1.05,
      "total": 0.0
    },
    {
      "code": "RENT445",
      "Identifier": "P",
      "quarterlyDivedend": 2400.0,
      "baseRateOfReturn": 0.25,
      "OmegaMeasure": 0.15,
      "totalValue": 120000.0,
      "percentOwned": 100.0,
      "total": 1.2E7
    },
    {
      "code": "FOOD12",
      "Identifier": "P",
      "quarterlyDivedend": 35000.0,
      "baseRateOfReturn": 3.0,
      "OmegaMeasure": 0.32,
      "totalValue": 1212500.0,
      "percentOwned": 35.0,
      "total": 4.24375E7
    },
    {
      "code": "321CC",
      "Identifier": "S",
      "quarterlyDividend": 5.45,
      "baseRateOfReturn": 3.1,
      "betaMeasure": 0.68,
      "stockSymbol": "KO",
      "shareprice": 41.08,
      "stockOwned": 10000.0,
      "total": 410800.0
    },
    {
      "code": "N0TPIX",
      "Identifier": "S",
      "quarterlyDividend": 0.0,
      "baseRateOfReturn": 1.25,
      "betaMeasure": 1.28,
      "stockSymbol": "DDD",
      "shareprice": 35.4,
      "stockOwned": 21.0,
      "total": 743.4
    },
    {
      "code": "RIRA01",
      "Identifier": "D",
      "label": "Roth IRA",
      "apr": 3.4,
      "total": 0.0
    },
    {
      "code": "321CC",
      "Identifier": "S",
      "quarterlyDividend": 5.45,
      "baseRateOfReturn": 3.1,
      "betaMeasure": 0.68,
      "stockSymbol": "KO",
      "shareprice": 41.08,
      "stockOwned": 10000.0,
      "total": 410800.0
    },
    {
      "code": "wOOWoo1S",
      "Identifier": "S",
      "quarterlyDividend": 2.75,
      "baseRateOfReturn": 4.6,
      "betaMeasure": 0.79,
      "stockSymbol": "CNI",
      "shareprice": 97.75,
      "stockOwned": 50.0,
      "total": 4887.5
    },
    {
      "code": "CMPROP0121",
      "Identifier": "P",
      "quarterlyDivedend": 14240.0,
      "baseRateOfReturn": 5.35,
      "OmegaMeasure": 0.25,
      "totalValue": 1.0456E7,
      "percentOwned": 23.5,
      "total": 2.45716E8
    },
    {
      "code": "REALStr12",
      "Identifier": "P",
      "quarterlyDivedend": 1232.0,
      "baseRateOfReturn": 1.23,
      "OmegaMeasure": 0.13,
      "totalValue": 54300.0,
      "percentOwned": 12.0,
      "total": 651600.0
    }
  ],
  "assetCount": 14.0
}
{
  "Code": "PF200",
  "Identifier": " ",
  "Owner": {
    "Identifier": "",
    "firstName": " Richard",
    "lastName": "Hurndall",
    "street": "Campos El290",
    "city": "Mexico City",
    "state": " FD",
    "country": "",
    "zip": " Mexico",
    "personCode": "6doc"
  },
  "Broker": {
    "JBIdentifier": "J",
    "secCode": "sec953",
    "firstName": " Chris",
    "lastName": "Eccleston",
    "street": "1 E 161st St",
    "city": " Bronx",
    "state": " NY",
    "country": "10451",
    "zip": "USA",
    "personCode": "nwdoc1",
    "emaillist": "newguy@whovian.com"
  },
  "Fees": 0.0,
  "Comissions": 0.0,
  "riskMeasure": 0.0,
  "Returns": 0.0,
  "Total": 3.0175798915E8,
  "Beneficiary": {
    "Identifier": "",
    "firstName": " Kaylee",
    "lastName": "Ehrmantraut",
    "street": "800 West 7th Street",
    "city": " Albuquerque",
    "state": " NM",
    "country": "USA",
    "zip": " 87105",
    "personCode": "bbchar"
  },
  "AssetList": [
    {
      "code": "AGTSAV",
      "Identifier": "D",
      "label": "Savings Account",
      "apr": 0.25,
      "total": 0.0
    },
    {
      "code": "BX001-23",
      "Identifier": "D",
      "label": "Money Market Savings",
      "apr": 1.05,
      "total": 0.0
    },
    {
      "code": "B0oWM",
      "Identifier": "S",
      "quarterlyDividend": 10.0,
      "baseRateOfReturn": 2.25,
      "betaMeasure": 0.82,
      "stockSymbol": "COST",
      "shareprice": 106.13,
      "stockOwned": 125.0,
      "total": 13266.25
    },
    {
      "code": "BERK-B",
      "Identifier": "S",
      "quarterlyDividend": 0.0,
      "baseRateOfReturn": 7.2,
      "betaMeasure": 0.29,
      "stockSymbol": "BRK-B",
      "shareprice": 107.04,
      "stockOwned": 1050.0,
      "total": 112392.0
    },
    {
      "code": "BX001-23",
      "Identifier": "D",
      "label": "Money Market Savings",
      "apr": 1.05,
      "total": 0.0
    },
    {
      "code": "RENT445",
      "Identifier": "P",
      "quarterlyDivedend": 2400.0,
      "baseRateOfReturn": 0.25,
      "OmegaMeasure": 0.15,
      "totalValue": 120000.0,
      "percentOwned": 100.0,
      "total": 1.2E7
    },
    {
      "code": "FOOD12",
      "Identifier": "P",
      "quarterlyDivedend": 35000.0,
      "baseRateOfReturn": 3.0,
      "OmegaMeasure": 0.32,
      "totalValue": 1212500.0,
      "percentOwned": 35.0,
      "total": 4.24375E7
    },
    {
      "code": "321CC",
      "Identifier": "S",
      "quarterlyDividend": 5.45,
      "baseRateOfReturn": 3.1,
      "betaMeasure": 0.68,
      "stockSymbol": "KO",
      "shareprice": 41.08,
      "stockOwned": 10000.0,
      "total": 410800.0
    },
    {
      "code": "N0TPIX",
      "Identifier": "S",
      "quarterlyDividend": 0.0,
      "baseRateOfReturn": 1.25,
      "betaMeasure": 1.28,
      "stockSymbol": "DDD",
      "shareprice": 35.4,
      "stockOwned": 21.0,
      "total": 743.4
    },
    {
      "code": "RIRA01",
      "Identifier": "D",
      "label": "Roth IRA",
      "apr": 3.4,
      "total": 0.0
    },
    {
      "code": "321CC",
      "Identifier": "S",
      "quarterlyDividend": 5.45,
      "baseRateOfReturn": 3.1,
      "betaMeasure": 0.68,
      "stockSymbol": "KO",
      "shareprice": 41.08,
      "stockOwned": 10000.0,
      "total": 410800.0
    },
    {
      "code": "wOOWoo1S",
      "Identifier": "S",
      "quarterlyDividend": 2.75,
      "baseRateOfReturn": 4.6,
      "betaMeasure": 0.79,
      "stockSymbol": "CNI",
      "shareprice": 97.75,
      "stockOwned": 50.0,
      "total": 4887.5
    },
    {
      "code": "CMPROP0121",
      "Identifier": "P",
      "quarterlyDivedend": 14240.0,
      "baseRateOfReturn": 5.35,
      "OmegaMeasure": 0.25,
      "totalValue": 1.0456E7,
      "percentOwned": 23.5,
      "total": 2.45716E8
    },
    {
      "code": "REALStr12",
      "Identifier": "P",
      "quarterlyDivedend": 1232.0,
      "baseRateOfReturn": 1.23,
      "OmegaMeasure": 0.13,
      "totalValue": 54300.0,
      "percentOwned": 12.0,
      "total": 651600.0
    }
  ],
  "assetCount": 14.0
}
