<?xml version="1.0" encoding="UTF-8" ?>
<containers.YearLongMembership>
  <productCode>b29e</productCode>
  <identifier>Y</identifier>
  <cost>450.0</cost>
  <quantity>0</quantity>
  <startDate>2017-01-13</startDate>
  <endDate>2018-01-12</endDate>
  <address>
    <street>179 West Lane</street>
    <city>Lincoln</city>
    <state>NE</state>
    <country>USA</country>
    <zip>68588-0115</zip>
  </address>
  <membershipName>Gold Package</membershipName>
  <subtotal>0.0</subtotal>
</containers.YearLongMembership><containers.YearLongMembership>
  <productCode>3y92</productCode>
  <identifier>Y</identifier>
  <cost>550.0</cost>
  <quantity>0</quantity>
  <startDate>2017-11-24</startDate>
  <endDate>2018-11-23</endDate>
  <address>
    <street>449 3rd Ave</street>
    <city>Omaha</city>
    <state>NE</state>
    <country>USA</country>
    <zip>68521-5593</zip>
  </address>
  <membershipName>Ultimate Workout</membershipName>
  <subtotal>0.0</subtotal>
</containers.YearLongMembership><containers.YearLongMembership>
  <productCode>xer4</productCode>
  <identifier>Y</identifier>
  <cost>185.0</cost>
  <quantity>0</quantity>
  <startDate>2016-10-07</startDate>
  <endDate>2017-10-06</endDate>
  <address>
    <street>375 Northwoods</street>
    <city>Souix City</city>
    <state> IA</state>
    <country> USA</country>
    <zip> 44982</zip>
  </address>
  <membershipName>Bronze Fit</membershipName>
  <subtotal>0.0</subtotal>
</containers.YearLongMembership><containers.DayMembership>
  <productCode>fp12</productCode>
  <identifier>D</identifier>
  <cost>21.5</cost>
  <quantity>0</quantity>
  <address>
    <street>3555 South 140th Plaza</street>
    <city>Omaha</city>
    <state> NE</state>
    <country> USA</country>
    <zip> 68144</zip>
  </address>
  <dateTime>2016-10-21 13:10</dateTime>
  <subtotal>0.0</subtotal>
</containers.DayMembership><containers.DayMembership>
  <productCode>1239</productCode>
  <identifier>D</identifier>
  <cost>11.0</cost>
  <quantity>0</quantity>
  <address>
    <street>755 Willard Drive</street>
    <city>Ashwaubenon</city>
    <state> WI</state>
    <country> USA</country>
    <zip> 54304</zip>
  </address>
  <dateTime>2018-01-16 15:30</dateTime>
  <subtotal>0.0</subtotal>
</containers.DayMembership><containers.DayMembership>
  <productCode>782g</productCode>
  <identifier>D</identifier>
  <cost>25.0</cost>
  <quantity>0</quantity>
  <address>
    <street>6301 University Ave</street>
    <city>Cedar Falls</city>
    <state> IA</state>
    <country> USA</country>
    <zip> 50613</zip>
  </address>
  <dateTime>2016-11-10 10:00</dateTime>
  <subtotal>0.0</subtotal>
</containers.DayMembership><containers.EquipmentRental>
  <productCode>ff23</productCode>
  <identifier>R</identifier>
  <cost>4.99</cost>
  <quantity>0</quantity>
  <name>Boxing Glove-Large</name>
  <subtotal>0.0</subtotal>
</containers.EquipmentRental><containers.EquipmentRental>
  <productCode>32f4</productCode>
  <identifier>R</identifier>
  <cost>5.5</cost>
  <quantity>0</quantity>
  <name>Tennis Racket</name>
  <subtotal>0.0</subtotal>
</containers.EquipmentRental><containers.EquipmentRental>
  <productCode>yp23</productCode>
  <identifier>R</identifier>
  <cost>19.5</cost>
  <quantity>0</quantity>
  <name>Cross Country Skis-Large</name>
  <subtotal>0.0</subtotal>
</containers.EquipmentRental><containers.ParkingPass>
  <productCode>90fa</productCode>
  <identifier>P</identifier>
  <cost>25.0</cost>
  <quantity>0</quantity>
  <subtotal>0.0</subtotal>
  <discount>0.0</discount>
</containers.ParkingPass><containers.ParkingPass>
  <productCode>3289</productCode>
  <identifier>P</identifier>
  <cost>55.0</cost>
  <quantity>0</quantity>
  <subtotal>0.0</subtotal>
  <discount>0.0</discount>
</containers.ParkingPass><containers.ParkingPass>
  <productCode>90fb</productCode>
  <identifier>P</identifier>
  <cost>20.0</cost>
  <quantity>0</quantity>
  <subtotal>0.0</subtotal>
  <discount>0.0</discount>
</containers.ParkingPass>