<?xml version="1.0" encoding="UTF-8"?>
<Configuration status="WARN">
	<Properties>
		<Property name="logPath">data/errorCodes.log </Property>
	</Properties>
	<Appenders>
		<RollingFile name="fileLogger" fileName= "data/errorCodes.log" filePattern = "data/errorCodes.log">
		      <PatternLayout pattern="%d{HH:mm:ss.SSS} [%t] %-5level %logger{36} - %msg%n"/>
				<Policies>
					<OnStartupTriggeringPolicy/>
					</Policies>
		</RollingFile>
    <Console name="Console" target="SYSTEM_OUT">
      <PatternLayout pattern="%d{HH:mm:ss.SSS} [%t] %-5level %logger{36} - %msg%n"/>
    </Console>
  </Appenders>
  <Loggers>
    <Logger name="com.foo.Bar" level="trace">
      <AppenderRef ref="Console"/>
    </Logger>
    <Root level="error">
      <AppenderRef ref="Console"/>
       <AppenderRef ref="fileLogger"/>
      
    </Root>
  </Loggers>
</Configuration>