<?xml version="1.0" encoding="UTF-8" ?>
<containers.Member>
  <type>G</type>
  <memberCode>M001</memberCode>
  <primaryContact>
    <lastName>Baker</lastName>
    <personCode>231</personCode>
    <emaillist>famousdoc@who.com,tbaker@cse.unl.edu,mostfamous@whovian.com,thedoctor@bbc.com</emaillist>
    <address>
      <street>1 Blue Jays Way</street>
      <city>Toronto</city>
      <state>ON</state>
      <country>Canada</country>
      <zip>M5V 1J1</zip>
    </address>
    <firstName>Tom</firstName>
  </primaryContact>
  <name>Clark Consultants</name>
  <address>
    <street>259 Concorde Suites</street>
    <city>Lincoln</city>
    <state>NE</state>
    <country>USA</country>
    <zip>68588-0115</zip>
  </address>
</containers.Member><containers.Member>
  <type>S</type>
  <memberCode>M002</memberCode>
  <primaryContact>
    <lastName>Castro</lastName>
    <personCode>944c</personCode>
    <emaillist>scastro@cubs.com,starlin_castro13@gmail.com</emaillist>
    <address>
      <street>1060 West Addison Street</street>
      <city>Chicago</city>
      <state>IL</state>
      <country>USA</country>
      <zip>60613</zip>
    </address>
    <firstName>Starlin</firstName>
  </primaryContact>
  <name>CAS International Fellows</name>
  <address>
    <street>1223 Oldfather Hall</street>
    <city>Lincoln</city>
    <state>NE</state>
    <country>USA</country>
    <zip>68503</zip>
  </address>
</containers.Member><containers.Member>
  <type>S</type>
  <memberCode>M003</memberCode>
  <primaryContact>
    <lastName>Sampson</lastName>
    <personCode>306a</personCode>
    <emaillist>brock_f_sampson@gmail.com,bsampson@venture.com</emaillist>
    <address>
      <street>123 N 1st Street</street>
      <city>Omaha</city>
      <state>NE</state>
      <country>USA</country>
      <zip>68116</zip>
    </address>
    <firstName>Brock</firstName>
  </primaryContact>
  <name>Valueless Club</name>
  <address>
    <street>123 Venture Way</street>
    <city>Culver City</city>
    <state>CA</state>
    <country>USA</country>
    <zip>90230</zip>
  </address>
</containers.Member><containers.Member>
  <type>G</type>
  <memberCode>M004</memberCode>
  <primaryContact>
    <lastName>Fox</lastName>
    <personCode>321f</personCode>
    <emaillist>bfox@gmail.com,csheen@crazy.net</emaillist>
    <address>
      <street>321 Bronx Street</street>
      <city>New York</city>
      <state>NY</state>
      <country>USA</country>
      <zip>10004</zip>
    </address>
    <firstName>Bud</firstName>
  </primaryContact>
  <name>Stony Brook</name>
  <address>
    <street>9800 Savage Rd</street>
    <city>Fort Meade</city>
    <state>MD</state>
    <country>USA</country>
    <zip>20755</zip>
  </address>
</containers.Member><containers.Member>
  <type>G</type>
  <memberCode>M005</memberCode>
  <primaryContact>
    <lastName>Ehrmantraut</lastName>
    <personCode>bbchar</personCode>
    <address>
      <street>800 West 7th Street</street>
      <city>Albuquerque</city>
      <state>NM</state>
      <country>USA</country>
      <zip>87105</zip>
    </address>
    <firstName>Kaylee</firstName>
  </primaryContact>
  <name>Hewlett Industries</name>
  <address>
    <street>1060 West Addison</street>
    <city>Chicago</city>
    <state>IL</state>
    <country>USA</country>
    <zip>60601</zip>
  </address>
</containers.Member><containers.Member>
  <type>S</type>
  <memberCode>M006</memberCode>
  <primaryContact>
    <lastName>Baker</lastName>
    <personCode>321dr</personCode>
    <emaillist>dr@baker.com</emaillist>
    <address>
      <street>Avery Hall</street>
      <city>Lincoln</city>
      <state>NE</state>
      <country>USA</country>
      <zip>68503</zip>
    </address>
    <firstName>C.</firstName>
  </primaryContact>
  <name>Gregory Smith</name>
  <address>
    <street>456 West 7th St.</street>
    <city>Omaha</city>
    <state>NE</state>
    <country>USA</country>
    <zip>68500</zip>
  </address>
</containers.Member><containers.Member>
  <type>G</type>
  <memberCode>M001</memberCode>
  <primaryContact>
    <lastName>Baker</lastName>
    <personCode>231</personCode>
    <emaillist>famousdoc@who.com,tbaker@cse.unl.edu,mostfamous@whovian.com,thedoctor@bbc.com</emaillist>
    <address>
      <street>1 Blue Jays Way</street>
      <city>Toronto</city>
      <state>ON</state>
      <country>Canada</country>
      <zip>M5V 1J1</zip>
    </address>
    <firstName>Tom</firstName>
  </primaryContact>
  <name>Clark Consultants</name>
  <address>
    <street>259 Concorde Suites</street>
    <city>Lincoln</city>
    <state>NE</state>
    <country>USA</country>
    <zip>68588-0115</zip>
  </address>
</containers.Member><containers.Member>
  <type>S</type>
  <memberCode>M002</memberCode>
  <primaryContact>
    <lastName>Castro</lastName>
    <personCode>944c</personCode>
    <emaillist>scastro@cubs.com,starlin_castro13@gmail.com</emaillist>
    <address>
      <street>1060 West Addison Street</street>
      <city>Chicago</city>
      <state>IL</state>
      <country>USA</country>
      <zip>60613</zip>
    </address>
    <firstName>Starlin</firstName>
  </primaryContact>
  <name>CAS International Fellows</name>
  <address>
    <street>1223 Oldfather Hall</street>
    <city>Lincoln</city>
    <state>NE</state>
    <country>USA</country>
    <zip>68503</zip>
  </address>
</containers.Member><containers.Member>
  <type>S</type>
  <memberCode>M003</memberCode>
  <primaryContact>
    <lastName>Sampson</lastName>
    <personCode>306a</personCode>
    <emaillist>brock_f_sampson@gmail.com,bsampson@venture.com</emaillist>
    <address>
      <street>123 N 1st Street</street>
      <city>Omaha</city>
      <state>NE</state>
      <country>USA</country>
      <zip>68116</zip>
    </address>
    <firstName>Brock</firstName>
  </primaryContact>
  <name>Valueless Club</name>
  <address>
    <street>123 Venture Way</street>
    <city>Culver City</city>
    <state>CA</state>
    <country>USA</country>
    <zip>90230</zip>
  </address>
</containers.Member><containers.Member>
  <type>G</type>
  <memberCode>M004</memberCode>
  <primaryContact>
    <lastName>Fox</lastName>
    <personCode>321f</personCode>
    <emaillist>bfox@gmail.com,csheen@crazy.net</emaillist>
    <address>
      <street>321 Bronx Street</street>
      <city>New York</city>
      <state>NY</state>
      <country>USA</country>
      <zip>10004</zip>
    </address>
    <firstName>Bud</firstName>
  </primaryContact>
  <name>Stony Brook</name>
  <address>
    <street>9800 Savage Rd</street>
    <city>Fort Meade</city>
    <state>MD</state>
    <country>USA</country>
    <zip>20755</zip>
  </address>
</containers.Member><containers.Member>
  <type>G</type>
  <memberCode>M005</memberCode>
  <primaryContact>
    <lastName>Ehrmantraut</lastName>
    <personCode>bbchar</personCode>
    <address>
      <street>800 West 7th Street</street>
      <city>Albuquerque</city>
      <state>NM</state>
      <country>USA</country>
      <zip>87105</zip>
    </address>
    <firstName>Kaylee</firstName>
  </primaryContact>
  <name>Hewlett Industries</name>
  <address>
    <street>1060 West Addison</street>
    <city>Chicago</city>
    <state>IL</state>
    <country>USA</country>
    <zip>60601</zip>
  </address>
</containers.Member><containers.Member>
  <type>S</type>
  <memberCode>M006</memberCode>
  <primaryContact>
    <lastName>Baker</lastName>
    <personCode>321dr</personCode>
    <emaillist>dr@baker.com</emaillist>
    <address>
      <street>Avery Hall</street>
      <city>Lincoln</city>
      <state>NE</state>
      <country>USA</country>
      <zip>68503</zip>
    </address>
    <firstName>C.</firstName>
  </primaryContact>
  <name>Gregory Smith</name>
  <address>
    <street>456 West 7th St.</street>
    <city>Omaha</city>
    <state>NE</state>
    <country>USA</country>
    <zip>68500</zip>
  </address>
</containers.Member>