{
  "type": "G",
  "memberCode": "M001",
  "primaryContact": {
    "lastName": "Baker",
    "personCode": "231",
    "emaillist": "famousdoc@who.com,tbaker@cse.unl.edu,mostfamous@whovian.com,thedoctor@bbc.com",
    "address": {
      "street": "1 Blue Jays Way",
      "city": "Toronto",
      "state": "ON",
      "country": "Canada",
      "zip": "M5V 1J1"
    },
    "firstName": "Tom"
  },
  "name": "Clark Consultants",
  "address": {
    "street": "259 Concorde Suites",
    "city": "Lincoln",
    "state": "NE",
    "country": "USA",
    "zip": "68588-0115"
  }
}
{
  "type": "S",
  "memberCode": "M002",
  "primaryContact": {
    "lastName": "Castro",
    "personCode": "944c",
    "emaillist": "scastro@cubs.com,starlin_castro13@gmail.com",
    "address": {
      "street": "1060 West Addison Street",
      "city": "Chicago",
      "state": "IL",
      "country": "USA",
      "zip": "60613"
    },
    "firstName": "Starlin"
  },
  "name": "CAS International Fellows",
  "address": {
    "street": "1223 Oldfather Hall",
    "city": "Lincoln",
    "state": "NE",
    "country": "USA",
    "zip": "68503"
  }
}
{
  "type": "S",
  "memberCode": "M003",
  "primaryContact": {
    "lastName": "Sampson",
    "personCode": "306a",
    "emaillist": "brock_f_sampson@gmail.com,bsampson@venture.com",
    "address": {
      "street": "123 N 1st Street",
      "city": "Omaha",
      "state": "NE",
      "country": "USA",
      "zip": "68116"
    },
    "firstName": "Brock"
  },
  "name": "Valueless Club",
  "address": {
    "street": "123 Venture Way",
    "city": "Culver City",
    "state": "CA",
    "country": "USA",
    "zip": "90230"
  }
}
{
  "type": "G",
  "memberCode": "M004",
  "primaryContact": {
    "lastName": "Fox",
    "personCode": "321f",
    "emaillist": "bfox@gmail.com,csheen@crazy.net",
    "address": {
      "street": "321 Bronx Street",
      "city": "New York",
      "state": "NY",
      "country": "USA",
      "zip": "10004"
    },
    "firstName": "Bud"
  },
  "name": "Stony Brook",
  "address": {
    "street": "9800 Savage Rd",
    "city": "Fort Meade",
    "state": "MD",
    "country": "USA",
    "zip": "20755"
  }
}
{
  "type": "G",
  "memberCode": "M005",
  "primaryContact": {
    "lastName": "Ehrmantraut",
    "personCode": "bbchar",
    "address": {
      "street": "800 West 7th Street",
      "city": "Albuquerque",
      "state": "NM",
      "country": "USA",
      "zip": "87105"
    },
    "firstName": "Kaylee"
  },
  "name": "Hewlett Industries",
  "address": {
    "street": "1060 West Addison",
    "city": "Chicago",
    "state": "IL",
    "country": "USA",
    "zip": "60601"
  }
}
{
  "type": "S",
  "memberCode": "M006",
  "primaryContact": {
    "lastName": "Baker",
    "personCode": "321dr",
    "emaillist": "dr@baker.com",
    "address": {
      "street": "Avery Hall",
      "city": "Lincoln",
      "state": "NE",
      "country": "USA",
      "zip": "68503"
    },
    "firstName": "C."
  },
  "name": "Gregory Smith",
  "address": {
    "street": "456 West 7th St.",
    "city": "Omaha",
    "state": "NE",
    "country": "USA",
    "zip": "68500"
  }
}
{
  "type": "G",
  "memberCode": "M001",
  "primaryContact": {
    "lastName": "Baker",
    "personCode": "231",
    "emaillist": "famousdoc@who.com,tbaker@cse.unl.edu,mostfamous@whovian.com,thedoctor@bbc.com",
    "address": {
      "street": "1 Blue Jays Way",
      "city": "Toronto",
      "state": "ON",
      "country": "Canada",
      "zip": "M5V 1J1"
    },
    "firstName": "Tom"
  },
  "name": "Clark Consultants",
  "address": {
    "street": "259 Concorde Suites",
    "city": "Lincoln",
    "state": "NE",
    "country": "USA",
    "zip": "68588-0115"
  }
}
{
  "type": "S",
  "memberCode": "M002",
  "primaryContact": {
    "lastName": "Castro",
    "personCode": "944c",
    "emaillist": "scastro@cubs.com,starlin_castro13@gmail.com",
    "address": {
      "street": "1060 West Addison Street",
      "city": "Chicago",
      "state": "IL",
      "country": "USA",
      "zip": "60613"
    },
    "firstName": "Starlin"
  },
  "name": "CAS International Fellows",
  "address": {
    "street": "1223 Oldfather Hall",
    "city": "Lincoln",
    "state": "NE",
    "country": "USA",
    "zip": "68503"
  }
}
{
  "type": "S",
  "memberCode": "M003",
  "primaryContact": {
    "lastName": "Sampson",
    "personCode": "306a",
    "emaillist": "brock_f_sampson@gmail.com,bsampson@venture.com",
    "address": {
      "street": "123 N 1st Street",
      "city": "Omaha",
      "state": "NE",
      "country": "USA",
      "zip": "68116"
    },
    "firstName": "Brock"
  },
  "name": "Valueless Club",
  "address": {
    "street": "123 Venture Way",
    "city": "Culver City",
    "state": "CA",
    "country": "USA",
    "zip": "90230"
  }
}
{
  "type": "G",
  "memberCode": "M004",
  "primaryContact": {
    "lastName": "Fox",
    "personCode": "321f",
    "emaillist": "bfox@gmail.com,csheen@crazy.net",
    "address": {
      "street": "321 Bronx Street",
      "city": "New York",
      "state": "NY",
      "country": "USA",
      "zip": "10004"
    },
    "firstName": "Bud"
  },
  "name": "Stony Brook",
  "address": {
    "street": "9800 Savage Rd",
    "city": "Fort Meade",
    "state": "MD",
    "country": "USA",
    "zip": "20755"
  }
}
{
  "type": "G",
  "memberCode": "M005",
  "primaryContact": {
    "lastName": "Ehrmantraut",
    "personCode": "bbchar",
    "address": {
      "street": "800 West 7th Street",
      "city": "Albuquerque",
      "state": "NM",
      "country": "USA",
      "zip": "87105"
    },
    "firstName": "Kaylee"
  },
  "name": "Hewlett Industries",
  "address": {
    "street": "1060 West Addison",
    "city": "Chicago",
    "state": "IL",
    "country": "USA",
    "zip": "60601"
  }
}
{
  "type": "S",
  "memberCode": "M006",
  "primaryContact": {
    "lastName": "Baker",
    "personCode": "321dr",
    "emaillist": "dr@baker.com",
    "address": {
      "street": "Avery Hall",
      "city": "Lincoln",
      "state": "NE",
      "country": "USA",
      "zip": "68503"
    },
    "firstName": "C."
  },
  "name": "Gregory Smith",
  "address": {
    "street": "456 West 7th St.",
    "city": "Omaha",
    "state": "NE",
    "country": "USA",
    "zip": "68500"
  }
}
