<?xml version="1.0" encoding="UTF-8" ?>
<person>
  <lastName>McGann</lastName>
  <personCode>123lst</personCode>
  <emaillist>pmcgann@mlb.com,foo@bar.com,pmc@unl.edu</emaillist>
  <address>
    <street>1 MetLife Stadium Dr</street>
    <city>East Rutherford</city>
    <state>NJ</state>
    <country>USA</country>
    <zip>07073</zip>
  </address>
  <firstName>Paul</firstName>
</person><person>
  <lastName>McCoy</lastName>
  <personCode>1svndr</personCode>
  <emaillist>slyguy@hotmail.com,mccoy@whofan.com</emaillist>
  <address>
    <street>126-01 Roosevelt Ave</street>
    <city>Flushing</city>
    <state>NY</state>
    <country>USA</country>
    <zip>11368</zip>
  </address>
  <firstName>Sylvester</firstName>
</person><person>
  <lastName>Baker</lastName>
  <personCode>231</personCode>
  <emaillist>famousdoc@who.com,tbaker@cse.unl.edu,mostfamous@whovian.com,thedoctor@bbc.com</emaillist>
  <address>
    <street>1 Blue Jays Way</street>
    <city>Toronto</city>
    <state>ON</state>
    <country>Canada</country>
    <zip>M5V 1J1</zip>
  </address>
  <firstName>Tom</firstName>
</person><person>
  <lastName>Spalding</lastName>
  <personCode>2342</personCode>
  <address>
    <street>123 Friendly Street</street>
    <city>Ottawa</city>
    <state>ON</state>
    <country>Canada</country>
    <zip>K1A 0G9</zip>
  </address>
  <firstName>Jeff</firstName>
</person><person>
  <lastName>Tennant</lastName>
  <personCode>2ndbestd</personCode>
  <emaillist>actor@shakespeare.com,tdavid@unl.edu</emaillist>
  <address>
    <street>700 E Grand Ave</street>
    <city>Chicago</city>
    <state>IL</state>
    <country>USA</country>
    <zip>60611</zip>
  </address>
  <firstName>David</firstName>
</person><person>
  <lastName>Sampson</lastName>
  <personCode>306a</personCode>
  <emaillist>brock_f_sampson@gmail.com,bsampson@venture.com</emaillist>
  <address>
    <street>123 N 1st Street</street>
    <city>Omaha</city>
    <state>NE</state>
    <country>USA</country>
    <zip>68116</zip>
  </address>
  <firstName>Brock</firstName>
</person><person>
  <lastName>Baker</lastName>
  <personCode>321dr</personCode>
  <emaillist>dr@baker.com</emaillist>
  <address>
    <street>Avery Hall</street>
    <city>Lincoln</city>
    <state>NE</state>
    <country>USA</country>
    <zip>68503</zip>
  </address>
  <firstName>C.</firstName>
</person><person>
  <lastName>Fox</lastName>
  <personCode>321f</personCode>
  <emaillist>bfox@gmail.com,csheen@crazy.net</emaillist>
  <address>
    <street>321 Bronx Street</street>
    <city>New York</city>
    <state>NY</state>
    <country>USA</country>
    <zip>10004</zip>
  </address>
  <firstName>Bud</firstName>
</person><person>
  <lastName>Pertwee</lastName>
  <personCode>321na</personCode>
  <emaillist>jpet@whofan.com</emaillist>
  <address>
    <street>301 Front St W</street>
    <city>Toronto</city>
    <state>ON</state>
    <country>Canada</country>
    <zip>M5V 2T6</zip>
  </address>
  <firstName>Jon</firstName>
</person><person>
  <lastName>Hartnell</lastName>
  <personCode>321nd</personCode>
  <emaillist>whartnell@doctors.com,dr@who.com</emaillist>
  <address>
    <street>1060 West Addison Street</street>
    <city>Chicago</city>
    <state>IL</state>
    <country>USA</country>
    <zip>60613</zip>
  </address>
  <firstName>William</firstName>
</person><person>
  <lastName>McCarthy</lastName>
  <personCode>55bb</personCode>
  <emaillist>obrien@ds9.com,obrien@enterprise.gov</emaillist>
  <address>
    <street>8753 West 3rd Ave.</street>
    <city>Dallas</city>
    <state>TX</state>
    <country>USA</country>
    <zip>75001</zip>
  </address>
  <firstName>Miles</firstName>
</person><person>
  <lastName>Hurndall</lastName>
  <personCode>6doc</personCode>
  <emaillist>rhurndall@cse.unl.edu,richard@unl.edu</emaillist>
  <address>
    <street>Campos El290</street>
    <city>Mexico City</city>
    <state>FD</state>
    <country>Mexico</country>
  </address>
  <firstName>Richard</firstName>
</person><person>
  <lastName>Castro</lastName>
  <personCode>944c</personCode>
  <emaillist>scastro@cubs.com,starlin_castro13@gmail.com</emaillist>
  <address>
    <street>1060 West Addison Street</street>
    <city>Chicago</city>
    <state>IL</state>
    <country>USA</country>
    <zip>60613</zip>
  </address>
  <firstName>Starlin</firstName>
</person><person>
  <lastName>Gekko</lastName>
  <personCode>aef1</personCode>
  <address>
    <street>1 Wall Street</street>
    <city>New York</city>
    <state>NY</state>
    <country>USA</country>
    <zip>10005-0012</zip>
  </address>
  <firstName>Gordon</firstName>
</person><person>
  <lastName>Ehrmantraut</lastName>
  <personCode>bbchar</personCode>
  <address>
    <street>800 West 7th Street</street>
    <city>Albuquerque</city>
    <state>NM</state>
    <country>USA</country>
    <zip>87105</zip>
  </address>
  <firstName>Kaylee</firstName>
</person><person>
  <lastName>Davison</lastName>
  <personCode>doc05</personCode>
  <address>
    <street>123 Cabo San Lucas</street>
    <city>Los Cabos</city>
    <state>BCS</state>
    <country>Mexico</country>
    <zip>11111</zip>
  </address>
  <firstName>Peter</firstName>
</person><person>
  <lastName>Sveum</lastName>
  <personCode>ma12</personCode>
  <emaillist>sveum@cubs.com</emaillist>
  <address>
    <street>1060 West Addison Street</street>
    <city>Chicago</city>
    <state>IL</state>
    <country>USA</country>
    <zip>60613</zip>
  </address>
  <firstName>Dale</firstName>
</person><person>
  <lastName>Troughton</lastName>
  <personCode>nf32a</personCode>
  <emaillist>ptroug@cse.unl.edu,ptrou32@unl.edu</emaillist>
  <address>
    <street>1060 West Addison Street</street>
    <city>Chicago</city>
    <state>IL</state>
    <country>USA</country>
    <zip>60613</zip>
  </address>
  <firstName>Patrick</firstName>
</person><person>
  <lastName>Eccleston</lastName>
  <personCode>nwdoc1</personCode>
  <emaillist>newguy@whovian.com</emaillist>
  <address>
    <street>1 E 161st St</street>
    <city>Bronx</city>
    <state>NY</state>
    <country>USA</country>
    <zip>10451</zip>
  </address>
  <firstName>Chris</firstName>
</person><person>
  <lastName>Smith</lastName>
  <personCode>wrddoc</personCode>
  <emaillist>msmith@who.com,thedoc@cse.unl.edu</emaillist>
  <address>
    <street>333 W 35th St</street>
    <city>Chicago</city>
    <state>IL</state>
    <country>USA</country>
    <zip>60616</zip>
  </address>
  <firstName>Matt</firstName>
</person><person>
  <lastName>McGann</lastName>
  <personCode>123lst</personCode>
  <emaillist>pmcgann@mlb.com,foo@bar.com,pmc@unl.edu</emaillist>
  <address>
    <street>1 MetLife Stadium Dr</street>
    <city>East Rutherford</city>
    <state>NJ</state>
    <country>USA</country>
    <zip>07073</zip>
  </address>
  <firstName>Paul</firstName>
</person><person>
  <lastName>McCoy</lastName>
  <personCode>1svndr</personCode>
  <emaillist>slyguy@hotmail.com,mccoy@whofan.com</emaillist>
  <address>
    <street>126-01 Roosevelt Ave</street>
    <city>Flushing</city>
    <state>NY</state>
    <country>USA</country>
    <zip>11368</zip>
  </address>
  <firstName>Sylvester</firstName>
</person><person>
  <lastName>Baker</lastName>
  <personCode>231</personCode>
  <emaillist>famousdoc@who.com,tbaker@cse.unl.edu,mostfamous@whovian.com,thedoctor@bbc.com</emaillist>
  <address>
    <street>1 Blue Jays Way</street>
    <city>Toronto</city>
    <state>ON</state>
    <country>Canada</country>
    <zip>M5V 1J1</zip>
  </address>
  <firstName>Tom</firstName>
</person><person>
  <lastName>Spalding</lastName>
  <personCode>2342</personCode>
  <address>
    <street>123 Friendly Street</street>
    <city>Ottawa</city>
    <state>ON</state>
    <country>Canada</country>
    <zip>K1A 0G9</zip>
  </address>
  <firstName>Jeff</firstName>
</person><person>
  <lastName>Tennant</lastName>
  <personCode>2ndbestd</personCode>
  <emaillist>actor@shakespeare.com,tdavid@unl.edu</emaillist>
  <address>
    <street>700 E Grand Ave</street>
    <city>Chicago</city>
    <state>IL</state>
    <country>USA</country>
    <zip>60611</zip>
  </address>
  <firstName>David</firstName>
</person><person>
  <lastName>Sampson</lastName>
  <personCode>306a</personCode>
  <emaillist>brock_f_sampson@gmail.com,bsampson@venture.com</emaillist>
  <address>
    <street>123 N 1st Street</street>
    <city>Omaha</city>
    <state>NE</state>
    <country>USA</country>
    <zip>68116</zip>
  </address>
  <firstName>Brock</firstName>
</person><person>
  <lastName>Baker</lastName>
  <personCode>321dr</personCode>
  <emaillist>dr@baker.com</emaillist>
  <address>
    <street>Avery Hall</street>
    <city>Lincoln</city>
    <state>NE</state>
    <country>USA</country>
    <zip>68503</zip>
  </address>
  <firstName>C.</firstName>
</person><person>
  <lastName>Fox</lastName>
  <personCode>321f</personCode>
  <emaillist>bfox@gmail.com,csheen@crazy.net</emaillist>
  <address>
    <street>321 Bronx Street</street>
    <city>New York</city>
    <state>NY</state>
    <country>USA</country>
    <zip>10004</zip>
  </address>
  <firstName>Bud</firstName>
</person><person>
  <lastName>Pertwee</lastName>
  <personCode>321na</personCode>
  <emaillist>jpet@whofan.com</emaillist>
  <address>
    <street>301 Front St W</street>
    <city>Toronto</city>
    <state>ON</state>
    <country>Canada</country>
    <zip>M5V 2T6</zip>
  </address>
  <firstName>Jon</firstName>
</person><person>
  <lastName>Hartnell</lastName>
  <personCode>321nd</personCode>
  <emaillist>whartnell@doctors.com,dr@who.com</emaillist>
  <address>
    <street>1060 West Addison Street</street>
    <city>Chicago</city>
    <state>IL</state>
    <country>USA</country>
    <zip>60613</zip>
  </address>
  <firstName>William</firstName>
</person><person>
  <lastName>McCarthy</lastName>
  <personCode>55bb</personCode>
  <emaillist>obrien@ds9.com,obrien@enterprise.gov</emaillist>
  <address>
    <street>8753 West 3rd Ave.</street>
    <city>Dallas</city>
    <state>TX</state>
    <country>USA</country>
    <zip>75001</zip>
  </address>
  <firstName>Miles</firstName>
</person><person>
  <lastName>Hurndall</lastName>
  <personCode>6doc</personCode>
  <emaillist>rhurndall@cse.unl.edu,richard@unl.edu</emaillist>
  <address>
    <street>Campos El290</street>
    <city>Mexico City</city>
    <state>FD</state>
    <country>Mexico</country>
  </address>
  <firstName>Richard</firstName>
</person><person>
  <lastName>Castro</lastName>
  <personCode>944c</personCode>
  <emaillist>scastro@cubs.com,starlin_castro13@gmail.com</emaillist>
  <address>
    <street>1060 West Addison Street</street>
    <city>Chicago</city>
    <state>IL</state>
    <country>USA</country>
    <zip>60613</zip>
  </address>
  <firstName>Starlin</firstName>
</person><person>
  <lastName>Gekko</lastName>
  <personCode>aef1</personCode>
  <address>
    <street>1 Wall Street</street>
    <city>New York</city>
    <state>NY</state>
    <country>USA</country>
    <zip>10005-0012</zip>
  </address>
  <firstName>Gordon</firstName>
</person><person>
  <lastName>Ehrmantraut</lastName>
  <personCode>bbchar</personCode>
  <address>
    <street>800 West 7th Street</street>
    <city>Albuquerque</city>
    <state>NM</state>
    <country>USA</country>
    <zip>87105</zip>
  </address>
  <firstName>Kaylee</firstName>
</person><person>
  <lastName>Davison</lastName>
  <personCode>doc05</personCode>
  <address>
    <street>123 Cabo San Lucas</street>
    <city>Los Cabos</city>
    <state>BCS</state>
    <country>Mexico</country>
    <zip>11111</zip>
  </address>
  <firstName>Peter</firstName>
</person><person>
  <lastName>Sveum</lastName>
  <personCode>ma12</personCode>
  <emaillist>sveum@cubs.com</emaillist>
  <address>
    <street>1060 West Addison Street</street>
    <city>Chicago</city>
    <state>IL</state>
    <country>USA</country>
    <zip>60613</zip>
  </address>
  <firstName>Dale</firstName>
</person><person>
  <lastName>Troughton</lastName>
  <personCode>nf32a</personCode>
  <emaillist>ptroug@cse.unl.edu,ptrou32@unl.edu</emaillist>
  <address>
    <street>1060 West Addison Street</street>
    <city>Chicago</city>
    <state>IL</state>
    <country>USA</country>
    <zip>60613</zip>
  </address>
  <firstName>Patrick</firstName>
</person><person>
  <lastName>Eccleston</lastName>
  <personCode>nwdoc1</personCode>
  <emaillist>newguy@whovian.com</emaillist>
  <address>
    <street>1 E 161st St</street>
    <city>Bronx</city>
    <state>NY</state>
    <country>USA</country>
    <zip>10451</zip>
  </address>
  <firstName>Chris</firstName>
</person><person>
  <lastName>Smith</lastName>
  <personCode>wrddoc</personCode>
  <emaillist>msmith@who.com,thedoc@cse.unl.edu</emaillist>
  <address>
    <street>333 W 35th St</street>
    <city>Chicago</city>
    <state>IL</state>
    <country>USA</country>
    <zip>60616</zip>
  </address>
  <firstName>Matt</firstName>
</person>