{
  "startDate": "2017-01-13",
  "endDate": "2018-01-12",
  "address": {
    "street": "179 West Lane",
    "city": "Lincoln",
    "state": "NE",
    "country": "USA",
    "zip": "68588-0115"
  },
  "membershipName": "Gold Package"
}
{
  "startDate": "2017-11-24",
  "endDate": "2018-11-23",
  "address": {
    "street": "449 3rd Ave",
    "city": "Omaha",
    "state": "NE",
    "country": "USA",
    "zip": "68521-5593"
  },
  "membershipName": "Ultimate Workout"
}
{
  "startDate": "2016-10-07",
  "endDate": "2017-10-06",
  "address": {
    "street": "375 Northwoods",
    "city": "Souix City",
    "state": " IA",
    "country": " USA",
    "zip": " 44982"
  },
  "membershipName": "Bronze Fit"
}
{
  "address": {
    "street": "3555 South 140th Plaza",
    "city": "Omaha",
    "state": " NE",
    "country": " USA",
    "zip": " 68144"
  },
  "dateTime": "2016-10-21 13:10"
}
{
  "address": {
    "street": "755 Willard Drive",
    "city": "Ashwaubenon",
    "state": " WI",
    "country": " USA",
    "zip": " 54304"
  },
  "dateTime": "2018-01-16 15:30"
}
{
  "address": {
    "street": "6301 University Ave",
    "city": "Cedar Falls",
    "state": " IA",
    "country": " USA",
    "zip": " 50613"
  },
  "dateTime": "2016-11-10 10:00"
}
{
  "name": "Boxing Glove-Large"
}
{
  "name": "Tennis Racket"
}
{
  "name": "Cross Country Skis-Large"
}
{}
{}
{}
