<?xml version="1.0" encoding="UTF-8" ?>
<containers.YearLongMembership>
  <startDate>2017-01-13</startDate>
  <endDate>2018-01-12</endDate>
  <address>
    <street>179 West Lane</street>
    <city>Lincoln</city>
    <state>NE</state>
    <country>USA</country>
    <zip>68588-0115</zip>
  </address>
  <membershipName>Gold Package</membershipName>
</containers.YearLongMembership><containers.YearLongMembership>
  <startDate>2017-11-24</startDate>
  <endDate>2018-11-23</endDate>
  <address>
    <street>449 3rd Ave</street>
    <city>Omaha</city>
    <state>NE</state>
    <country>USA</country>
    <zip>68521-5593</zip>
  </address>
  <membershipName>Ultimate Workout</membershipName>
</containers.YearLongMembership><containers.YearLongMembership>
  <startDate>2016-10-07</startDate>
  <endDate>2017-10-06</endDate>
  <address>
    <street>375 Northwoods</street>
    <city>Souix City</city>
    <state> IA</state>
    <country> USA</country>
    <zip> 44982</zip>
  </address>
  <membershipName>Bronze Fit</membershipName>
</containers.YearLongMembership><containers.DayMembership>
  <address>
    <street>3555 South 140th Plaza</street>
    <city>Omaha</city>
    <state> NE</state>
    <country> USA</country>
    <zip> 68144</zip>
  </address>
  <dateTime>2016-10-21 13:10</dateTime>
</containers.DayMembership><containers.DayMembership>
  <address>
    <street>755 Willard Drive</street>
    <city>Ashwaubenon</city>
    <state> WI</state>
    <country> USA</country>
    <zip> 54304</zip>
  </address>
  <dateTime>2018-01-16 15:30</dateTime>
</containers.DayMembership><containers.DayMembership>
  <address>
    <street>6301 University Ave</street>
    <city>Cedar Falls</city>
    <state> IA</state>
    <country> USA</country>
    <zip> 50613</zip>
  </address>
  <dateTime>2016-11-10 10:00</dateTime>
</containers.DayMembership><containers.EquipmentRental>
  <name>Boxing Glove-Large</name>
</containers.EquipmentRental><containers.EquipmentRental>
  <name>Tennis Racket</name>
</containers.EquipmentRental><containers.EquipmentRental>
  <name>Cross Country Skis-Large</name>
</containers.EquipmentRental><containers.ParkingPass/><containers.ParkingPass/><containers.ParkingPass/>