<?xml version="1.0" encoding="UTF-8" ?>
<containers.Member>
  <type>G</type>
  <memberCode>M001</memberCode>
  <primaryContactCode>231</primaryContactCode>
  <name>Clark Consultants</name>
  <address>
    <street>259 Concorde Suites</street>
    <city>Lincoln</city>
    <state>NE</state>
    <country>USA</country>
    <zip>68588-0115</zip>
  </address>
</containers.Member><containers.Member>
  <type>S</type>
  <memberCode>M002</memberCode>
  <primaryContactCode>944c</primaryContactCode>
  <name>CAS International Fellows</name>
  <address>
    <street>1223 Oldfather Hall</street>
    <city>Lincoln</city>
    <state>NE</state>
    <country>USA</country>
    <zip>68503</zip>
  </address>
</containers.Member><containers.Member>
  <type>S</type>
  <memberCode>M003</memberCode>
  <primaryContactCode>306a</primaryContactCode>
  <name>Valueless Club</name>
  <address>
    <street>123 Venture Way</street>
    <city>Culver City</city>
    <state>CA</state>
    <country>USA</country>
    <zip>90230</zip>
  </address>
</containers.Member><containers.Member>
  <type>G</type>
  <memberCode>M004</memberCode>
  <primaryContactCode>321f</primaryContactCode>
  <name>Stony Brook</name>
  <address>
    <street>9800 Savage Rd</street>
    <city>Fort Meade</city>
    <state>MD</state>
    <country>USA</country>
    <zip>20755</zip>
  </address>
</containers.Member><containers.Member>
  <type>G</type>
  <memberCode>M005</memberCode>
  <primaryContactCode>bbchar</primaryContactCode>
  <name>Hewlett Industries</name>
  <address>
    <street>1060 West Addison</street>
    <city>Chicago</city>
    <state>IL</state>
    <country>USA</country>
    <zip>60601</zip>
  </address>
</containers.Member><containers.Member>
  <type>S</type>
  <memberCode>M006</memberCode>
  <primaryContactCode>321dr</primaryContactCode>
  <name>Gregory Smith</name>
  <address>
    <street>456 West 7th St.</street>
    <city>Omaha</city>
    <state>NE</state>
    <country>USA</country>
    <zip>68500</zip>
  </address>
</containers.Member>