{
  "type": "G",
  "memberCode": "M001",
  "primaryContactCode": "231",
  "name": "Clark Consultants",
  "address": {
    "street": "259 Concorde Suites",
    "city": "Lincoln",
    "state": "NE",
    "country": "USA",
    "zip": "68588-0115"
  }
}
{
  "type": "S",
  "memberCode": "M002",
  "primaryContactCode": "944c",
  "name": "CAS International Fellows",
  "address": {
    "street": "1223 Oldfather Hall",
    "city": "Lincoln",
    "state": "NE",
    "country": "USA",
    "zip": "68503"
  }
}
{
  "type": "S",
  "memberCode": "M003",
  "primaryContactCode": "306a",
  "name": "Valueless Club",
  "address": {
    "street": "123 Venture Way",
    "city": "Culver City",
    "state": "CA",
    "country": "USA",
    "zip": "90230"
  }
}
{
  "type": "G",
  "memberCode": "M004",
  "primaryContactCode": "321f",
  "name": "Stony Brook",
  "address": {
    "street": "9800 Savage Rd",
    "city": "Fort Meade",
    "state": "MD",
    "country": "USA",
    "zip": "20755"
  }
}
{
  "type": "G",
  "memberCode": "M005",
  "primaryContactCode": "bbchar",
  "name": "Hewlett Industries",
  "address": {
    "street": "1060 West Addison",
    "city": "Chicago",
    "state": "IL",
    "country": "USA",
    "zip": "60601"
  }
}
{
  "type": "S",
  "memberCode": "M006",
  "primaryContactCode": "321dr",
  "name": "Gregory Smith",
  "address": {
    "street": "456 West 7th St.",
    "city": "Omaha",
    "state": "NE",
    "country": "USA",
    "zip": "68500"
  }
}
