{
  "lastName": "Castro",
  "personCode": "944c",
  "emaillist": "scastro@cubs.com,starlin_castro13@gmail.com",
  "address": {
    "street": "1060 West Addison Street",
    "city": "Chicago",
    "state": "IL",
    "country": "USA",
    "zip": "60613"
  },
  "firstName": " Starlin"
}
{
  "lastName": "Sampson",
  "personCode": "306a",
  "emaillist": "brock_f_sampson@gmail.com,bsampson@venture.com",
  "address": {
    "street": "123 N 1st Street",
    "city": "Omaha",
    "state": "NE",
    "country": "USA",
    "zip": "68116"
  },
  "firstName": " Brock"
}
{
  "lastName": "McCarthy",
  "personCode": "55bb",
  "emaillist": "mccarthy@ds9.com,mccarthy@enterprise.gov",
  "address": {
    "street": "8753 West 3rd Ave.",
    "city": "Dallas",
    "state": "TX",
    "country": "USA",
    "zip": "75001"
  },
  "firstName": " Miles"
}
{
  "lastName": "Spalding",
  "personCode": "2342",
  "address": {
    "street": "123 Friendly Street",
    "city": "Ottawa",
    "state": "ON",
    "country": "Canada",
    "zip": "K1A 0G9"
  },
  "firstName": " Jeff"
}
{
  "lastName": "Gekko",
  "personCode": "aef1",
  "address": {
    "street": "1 Wall Street",
    "city": "New York",
    "state": "NY",
    "country": "USA",
    "zip": "10005-0012"
  },
  "firstName": " Gordon"
}
{
  "lastName": "Fox",
  "personCode": "321f",
  "emaillist": "bfox@gmail.com,csheen@crazy.net",
  "address": {
    "street": "321 Bronx Street",
    "city": "New York",
    "state": "NY",
    "country": "USA",
    "zip": "10004"
  },
  "firstName": " Bud"
}
{
  "lastName": "Sveum",
  "personCode": "ma12",
  "emaillist": "sveum@cubs.com",
  "address": {
    "street": "1060 West Addison Street",
    "city": "Chicago",
    "state": "IL",
    "country": "USA",
    "zip": "60613"
  },
  "firstName": " Dale"
}
{
  "lastName": "Hartnell",
  "personCode": "321nd",
  "emaillist": "whartnell@doctors.com,dr@who.com",
  "address": {
    "street": "1060 West Addison Street",
    "city": "Chicago",
    "state": "IL",
    "country": "USA",
    "zip": "60613"
  },
  "firstName": " William"
}
{
  "lastName": "Troughton",
  "personCode": "nf32a",
  "emaillist": "ptroug@cse.unl.edu,ptrou32@unl.edu",
  "address": {
    "street": "1060 West Addison Street",
    "city": "Chicago",
    "state": "IL",
    "country": "USA",
    "zip": "60613"
  },
  "firstName": " Patrick"
}
{
  "lastName": "Pertwee",
  "personCode": "321na",
  "emaillist": "jpet@whofan.com",
  "address": {
    "street": "301 Front St W",
    "city": " Toronto",
    "state": " ON",
    "country": " Canada",
    "zip": " M5V 2T6"
  },
  "firstName": " Jon"
}
{
  "lastName": "Baker",
  "personCode": "231",
  "emaillist": "famousdoc@who.com,tbaker@cse.unl.edu,mostfamous@whovian.com,thedoctor@bbc.com",
  "address": {
    "street": "1 Blue Jays Way",
    "city": " Toronto",
    "state": " ON",
    "country": " Canada",
    "zip": " M5V 1J1"
  },
  "firstName": "Tom"
}
{
  "lastName": "Hurndall",
  "personCode": "6doc",
  "emaillist": "rhurndall@cse.unl.edu,richard@unl.edu",
  "address": {
    "street": "Campos El290",
    "city": "Mexico City",
    "state": " FD",
    "country": " Mexico",
    "zip": ""
  },
  "firstName": " Richard"
}
{
  "lastName": "Baker",
  "personCode": "321dr",
  "emaillist": "dr@baker.com",
  "address": {
    "street": "Avery Hall",
    "city": "Lincoln",
    "state": "NE",
    "country": "USA",
    "zip": "68503"
  },
  "firstName": " C."
}
{
  "lastName": "McCoy",
  "personCode": "1svndr",
  "emaillist": "slyguy@hotmail.com,mccoy@whofan.com",
  "address": {
    "street": "126-01 Roosevelt Ave",
    "city": " Flushing",
    "state": " NY",
    "country": "USA",
    "zip": "11368"
  },
  "firstName": "Sylvester"
}
{
  "lastName": "McGann",
  "personCode": "123lst",
  "emaillist": "pmcgann@mlb.com,foo@bar.com,pmc@unl.edu",
  "address": {
    "street": "1 MetLife Stadium Dr",
    "city": " East Rutherford",
    "state": " NJ",
    "country": "USA",
    "zip": "07073"
  },
  "firstName": " Paul"
}
{
  "lastName": "Eccleston",
  "personCode": "nwdoc1",
  "emaillist": "newguy@whovian.com",
  "address": {
    "street": "1 E 161st St",
    "city": " Bronx",
    "state": " NY",
    "country": "USA",
    "zip": "10451"
  },
  "firstName": " Chris"
}
{
  "lastName": "Tennant",
  "personCode": "2ndbestd",
  "emaillist": "actor@shakespeare.com,tdavid@unl.edu",
  "address": {
    "street": "700 E Grand Ave",
    "city": " Chicago",
    "state": " IL",
    "country": "USA",
    "zip": " 60611"
  },
  "firstName": " David"
}
{
  "lastName": "Smith",
  "personCode": "wrddoc",
  "emaillist": "msmith@who.com,thedoc@cse.unl.edu",
  "address": {
    "street": "333 W 35th St",
    "city": " Chicago",
    "state": " IL",
    "country": "USA",
    "zip": "60616"
  },
  "firstName": " Matt"
}
{
  "lastName": "Ehrmantraut",
  "personCode": "bbchar",
  "address": {
    "street": "800 West 7th Street",
    "city": " Albuquerque",
    "state": " NM",
    "country": "USA",
    "zip": " 87105"
  },
  "firstName": " Kaylee"
}
{
  "lastName": "Davison",
  "personCode": "doc05",
  "address": {
    "street": "123 Cabo San Lucas",
    "city": " Los Cabos",
    "state": " BCS",
    "country": " Mexico",
    "zip": "11111"
  },
  "firstName": " Peter"
}
