{
  "startDate": "2017-01-13",
  "endDate": "2018-01-12",
  "address": {
    "street": "179 West Lane",
    "city": "Lincoln",
    "state": "NE",
    "country": "USA",
    "zip": "68588-0115"
  },
  "membershipName": "Gold Package",
  "productCode": "b29e",
  "identifier": "Y",
  "cost": 450.0,
  "quantity": 0
}
{
  "startDate": "2017-11-24",
  "endDate": "2018-11-23",
  "address": {
    "street": "449 3rd Ave",
    "city": "Omaha",
    "state": "NE",
    "country": "USA",
    "zip": "68521-5593"
  },
  "membershipName": "Ultimate Workout",
  "productCode": "3y92",
  "identifier": "Y",
  "cost": 550.0,
  "quantity": 0
}
{
  "startDate": "2016-10-07",
  "endDate": "2017-10-06",
  "address": {
    "street": "375 Northwoods",
    "city": "Souix City",
    "state": " IA",
    "country": " USA",
    "zip": " 44982"
  },
  "membershipName": "Bronze Fit",
  "productCode": "xer4",
  "identifier": "Y",
  "cost": 185.0,
  "quantity": 0
}
{
  "address": {
    "street": "3555 South 140th Plaza",
    "city": "Omaha",
    "state": " NE",
    "country": " USA",
    "zip": " 68144"
  },
  "dateTime": "2016-10-21 13:10",
  "productCode": "fp12",
  "identifier": "D",
  "cost": 21.5,
  "quantity": 0
}
{
  "address": {
    "street": "755 Willard Drive",
    "city": "Ashwaubenon",
    "state": " WI",
    "country": " USA",
    "zip": " 54304"
  },
  "dateTime": "2018-01-16 15:30",
  "productCode": "1239",
  "identifier": "D",
  "cost": 11.0,
  "quantity": 0
}
{
  "address": {
    "street": "6301 University Ave",
    "city": "Cedar Falls",
    "state": " IA",
    "country": " USA",
    "zip": " 50613"
  },
  "dateTime": "2016-11-10 10:00",
  "productCode": "782g",
  "identifier": "D",
  "cost": 25.0,
  "quantity": 0
}
{
  "name": "Boxing Glove-Large",
  "productCode": "ff23",
  "identifier": "R",
  "cost": 4.99,
  "quantity": 0
}
{
  "name": "Tennis Racket",
  "productCode": "32f4",
  "identifier": "R",
  "cost": 5.5,
  "quantity": 0
}
{
  "name": "Cross Country Skis-Large",
  "productCode": "yp23",
  "identifier": "R",
  "cost": 19.5,
  "quantity": 0
}
{
  "productCode": "90fa",
  "identifier": "P",
  "cost": 25.0,
  "quantity": 0
}
{
  "productCode": "3289",
  "identifier": "P",
  "cost": 55.0,
  "quantity": 0
}
{
  "productCode": "90fb",
  "identifier": "P",
  "cost": 20.0,
  "quantity": 0
}
